countries,decomposition,1983,1984,1985,1986,1987,1988,1989,1990,1991,1992,1993,1994,1995,1996,1997,1998,1999,2000,2001,2002,2003,2004,2005,2006,2007,2008,2009,2010,2011,2012,2013,2014,2015,2016,2017,2018,2019,2020,2021,2022,2023
Australia,1st,,,8491.0,,,,8048.0,,,,,,8008.0,,,,,,8526.0,,8547.0,10099.0,,,,11288.0,,11736.0,,,,12961.0,,12608.0,,12233.0,,12361.0,,,
Australia,2nd,,,11753.0,,,,11920.0,,,,,,10865.0,,,,,,11745.0,,12111.0,13266.0,,,,15917.0,,15954.0,,,,17898.0,,17585.0,,17682.0,,18189.0,,,
Australia,3rd,,,14553.0,,,,14825.0,,,,,,13285.0,,,,,,14546.0,,15034.0,16492.0,,,,20372.0,,20312.0,,,,22082.0,,21873.0,,22211.0,,23009.0,,,
Australia,4th,,,17547.0,,,,17466.0,,,,,,15678.0,,,,,,17547.0,,18155.0,20053.0,,,,24722.0,,24674.0,,,,26618.0,,26216.0,,26531.0,,27584.0,,,
Australia,5th,,,20221.0,,,,20404.0,,,,,,18596.0,,,,,,20868.0,,21372.0,23649.0,,,,28853.0,,28764.0,,,,31177.0,,30691.0,,31071.0,,32331.0,,,
Australia,6th,,,23267.0,,,,23683.0,,,,,,21850.0,,,,,,24536.0,,24947.0,27280.0,,,,33613.0,,33394.0,,,,35976.0,,35467.0,,35995.0,,37343.0,,,
Australia,7th,,,26688.0,,,,27524.0,,,,,,25501.0,,,,,,28402.0,,29095.0,31115.0,,,,38383.0,,39142.0,,,,41188.0,,41245.0,,41524.0,,43114.0,,,
Australia,8th,,,30932.0,,,,32014.0,,,,,,29598.0,,,,,,33150.0,,34015.0,36272.0,,,,44878.0,,45905.0,,,,47881.0,,48427.0,,47965.0,,49970.0,,,
Australia,9th,,,36853.0,,,,38060.0,,,,,,35283.0,,,,,,39407.0,,40819.0,43616.0,,,,54444.0,,55345.0,,,,57189.0,,58524.0,,57525.0,,60405.0,,,
Australia,10th,,,47831.0,,,,50102.0,,,,,,46874.0,,,,,,53298.0,,53746.0,59860.0,,,,78308.0,,78609.0,,,,83594.0,,80198.0,,80221.0,,85002.0,,,
Austria,1st,,,,,,,,,,,,11491.0,12006.0,11490.0,11345.0,11506.0,12877.0,12394.0,,,12580.0,13940.0,13717.0,13572.0,12714.0,13242.0,12448.0,13862.0,12850.0,12344.0,13440.0,13633.0,13038.0,12554.0,13484.0,13514.0,13762.0,13965.0,13057.0,13376.0,
Austria,2nd,,,,,,,,,,,,17195.0,16997.0,16774.0,16647.0,17046.0,17748.0,17396.0,,,18371.0,19207.0,18466.0,18746.0,18438.0,19186.0,19363.0,19540.0,19248.0,19162.0,19730.0,19653.0,19593.0,20228.0,19883.0,20254.0,20328.0,20451.0,19925.0,20512.0,
Austria,3rd,,,,,,,,,,,,21161.0,20907.0,19784.0,20001.0,20317.0,21126.0,21222.0,,,21781.0,22904.0,22246.0,22277.0,22459.0,23056.0,23940.0,23590.0,23552.0,23120.0,23827.0,23422.0,23226.0,24450.0,24039.0,24519.0,25106.0,24912.0,24542.0,25024.0,
Austria,4th,,,,,,,,,,,,24099.0,23731.0,22568.0,23037.0,22956.0,24119.0,23921.0,,,25044.0,26068.0,25237.0,25511.0,26010.0,26696.0,27244.0,27500.0,27155.0,26642.0,27241.0,26915.0,26782.0,28092.0,28100.0,27906.0,28860.0,28652.0,28291.0,29002.0,
Austria,5th,,,,,,,,,,,,27174.0,26802.0,26012.0,25959.0,26047.0,27235.0,26938.0,,,28187.0,29267.0,28245.0,28451.0,29659.0,30238.0,30889.0,30837.0,30549.0,30169.0,30761.0,30621.0,30533.0,31820.0,31607.0,31657.0,32317.0,32407.0,31906.0,32806.0,
Austria,6th,,,,,,,,,,,,30120.0,29839.0,29289.0,29057.0,29161.0,30522.0,29573.0,,,31524.0,32415.0,31740.0,31858.0,33449.0,34103.0,34867.0,34888.0,34314.0,33932.0,34509.0,34285.0,34068.0,35825.0,35457.0,35076.0,35872.0,36111.0,36029.0,36741.0,
Austria,7th,,,,,,,,,,,,34702.0,33867.0,32809.0,32302.0,32780.0,34170.0,33072.0,,,35396.0,36322.0,35351.0,35757.0,37663.0,38396.0,39122.0,39202.0,38934.0,37784.0,39108.0,38147.0,38478.0,40194.0,39626.0,39548.0,40010.0,40432.0,40270.0,40976.0,
Austria,8th,,,,,,,,,,,,39630.0,38442.0,37018.0,36810.0,36843.0,38275.0,36629.0,,,39929.0,41068.0,40197.0,40755.0,43207.0,43608.0,44838.0,44695.0,44077.0,43482.0,44162.0,43138.0,43287.0,45553.0,45267.0,45063.0,46175.0,46083.0,46259.0,46755.0,
Austria,9th,,,,,,,,,,,,46742.0,44537.0,42619.0,43066.0,42776.0,45304.0,43461.0,,,46841.0,48476.0,46464.0,47408.0,51493.0,51081.0,52802.0,53035.0,52505.0,50359.0,52276.0,50455.0,50728.0,54073.0,53657.0,53121.0,54233.0,54870.0,54608.0,54519.0,
Austria,10th,,,,,,,,,,,,61828.0,57225.0,54281.0,53794.0,58085.0,59535.0,57299.0,,,62248.0,67279.0,62456.0,63824.0,70235.0,68111.0,74093.0,70967.0,70819.0,67688.0,72035.0,69340.0,68503.0,73252.0,72677.0,70720.0,72839.0,71356.0,71499.0,73872.0,
Belgium,1st,,,10224.0,,,10553.0,,,,11039.0,,,11108.0,,10947.0,,,11573.0,,,11030.0,12288.0,12006.0,11898.0,12190.0,12546.0,12316.0,12522.0,12135.0,12631.0,12423.0,12788.0,12910.0,12876.0,12751.0,13923.0,14166.0,14922.0,15068.0,,
Belgium,2nd,,,13117.0,,,13475.0,,,,14544.0,,,15055.0,,15244.0,,,15684.0,,,15599.0,16119.0,16398.0,16347.0,16756.0,16942.0,16926.0,16762.0,16519.0,17034.0,17030.0,17217.0,17471.0,17211.0,17301.0,18314.0,18943.0,19775.0,20044.0,,
Belgium,3rd,,,15073.0,,,15685.0,,,,16651.0,,,17991.0,,18355.0,,,18805.0,,,18729.0,19108.0,19700.0,19826.0,20192.0,20598.0,20458.0,20524.0,19894.0,20845.0,20477.0,20546.0,20939.0,20865.0,21105.0,21883.0,22439.0,23382.0,23893.0,,
Belgium,4th,,,16858.0,,,17714.0,,,,19057.0,,,21103.0,,20864.0,,,22367.0,,,21713.0,22186.0,22811.0,23234.0,23543.0,24032.0,24209.0,24169.0,23392.0,24369.0,24165.0,24201.0,24472.0,24449.0,25226.0,26050.0,26586.0,27254.0,28067.0,,
Belgium,5th,,,19037.0,,,19948.0,,,,21246.0,,,24122.0,,23536.0,,,25367.0,,,24830.0,25599.0,26149.0,26815.0,27060.0,27650.0,27732.0,27811.0,27186.0,28325.0,27964.0,27733.0,28299.0,28052.0,28920.0,29727.0,30341.0,30873.0,32102.0,,
Belgium,6th,,,21349.0,,,22154.0,,,,23591.0,,,27011.0,,26773.0,,,28630.0,,,27883.0,28939.0,29361.0,30319.0,30592.0,31214.0,31536.0,31812.0,30862.0,32059.0,31818.0,31618.0,32479.0,32187.0,32835.0,33146.0,33985.0,34561.0,35818.0,,
Belgium,7th,,,23447.0,,,24512.0,,,,26381.0,,,30226.0,,30079.0,,,31684.0,,,31252.0,32500.0,32804.0,33626.0,34197.0,34890.0,35245.0,35413.0,34623.0,36008.0,35893.0,35699.0,36885.0,36040.0,36525.0,37116.0,37802.0,38378.0,40119.0,,
Belgium,8th,,,26076.0,,,27228.0,,,,29301.0,,,33856.0,,33562.0,,,35868.0,,,35474.0,36290.0,36979.0,38106.0,38941.0,39583.0,39780.0,39720.0,38826.0,40385.0,40180.0,40042.0,41385.0,40490.0,40892.0,41464.0,42739.0,42938.0,44800.0,,
Belgium,9th,,,30145.0,,,31197.0,,,,33198.0,,,39032.0,,38842.0,,,42109.0,,,40704.0,42105.0,42986.0,44173.0,44414.0,45337.0,45700.0,45702.0,44811.0,46205.0,46228.0,46393.0,47279.0,46185.0,47195.0,47534.0,49437.0,48543.0,51330.0,,
Belgium,10th,,,37785.0,,,40180.0,,,,41710.0,,,51884.0,,49865.0,,,57050.0,,,53092.0,54935.0,57622.0,57829.0,57682.0,57902.0,61011.0,59398.0,57818.0,58758.0,59883.0,59652.0,60869.0,60037.0,60078.0,61368.0,63659.0,61737.0,66929.0,,
Canada,1st,,7466.0,7975.0,8861.0,9212.0,9329.0,9399.0,9266.0,8811.0,9251.0,8952.0,9143.0,9029.0,8852.0,8791.0,8975.0,9087.0,9197.0,9515.0,9484.0,9566.0,9378.0,9694.0,10281.0,10865.0,10649.0,10745.0,11175.0,11240.0,10522.0,10569.0,11201.0,10874.0,11766.0,11961.0,12444.0,12862.0,16062.0,15241.0,,
Canada,2nd,,12448.0,13109.0,14226.0,14449.0,14944.0,15360.0,14963.0,14317.0,14464.0,13987.0,14469.0,14239.0,13305.0,13558.0,13913.0,14326.0,14507.0,14916.0,14946.0,14862.0,15049.0,15540.0,15987.0,16729.0,16706.0,16688.0,16863.0,17231.0,17110.0,17166.0,17806.0,17418.0,18090.0,18522.0,19031.0,19355.0,22104.0,21225.0,,
Canada,3rd,,16313.0,16596.0,17818.0,18197.0,18555.0,19127.0,18630.0,17858.0,18077.0,17412.0,17970.0,17796.0,16669.0,16800.0,17314.0,17778.0,18016.0,18609.0,18722.0,18502.0,18972.0,19454.0,19768.0,20793.0,20789.0,20746.0,21160.0,21623.0,21647.0,21506.0,22652.0,22147.0,22523.0,22991.0,23667.0,23964.0,26435.0,25955.0,,
Canada,4th,,19713.0,20150.0,21170.0,21477.0,21896.0,22483.0,22094.0,21105.0,21461.0,20662.0,21240.0,20973.0,19696.0,19755.0,20556.0,21073.0,21461.0,22096.0,22311.0,22189.0,22733.0,23251.0,23586.0,24656.0,25063.0,25142.0,25141.0,25673.0,25879.0,26110.0,26944.0,26853.0,26806.0,27454.0,28116.0,28498.0,30671.0,30383.0,,
Canada,5th,,22966.0,23459.0,24460.0,24657.0,25427.0,25790.0,25496.0,24299.0,24653.0,23916.0,24463.0,24225.0,22911.0,23040.0,23812.0,24355.0,24888.0,25725.0,26065.0,25864.0,26292.0,26949.0,27426.0,28423.0,28911.0,29114.0,29516.0,29889.0,30091.0,30639.0,30996.0,31342.0,31248.0,31936.0,32538.0,32869.0,34824.0,34585.0,,
Canada,6th,,26237.0,26854.0,27713.0,28156.0,28742.0,29347.0,29035.0,27768.0,28080.0,27474.0,27728.0,27644.0,26255.0,26488.0,27292.0,28052.0,28477.0,29472.0,29876.0,29746.0,30412.0,31261.0,31644.0,32863.0,33360.0,33702.0,33954.0,34338.0,34881.0,35353.0,35574.0,36076.0,35942.0,36940.0,37106.0,37491.0,39457.0,39172.0,,
Canada,7th,,29895.0,30500.0,31454.0,31778.0,32618.0,33322.0,33040.0,31704.0,31916.0,31315.0,31640.0,31402.0,29841.0,30220.0,31164.0,32082.0,32762.0,33878.0,34215.0,33944.0,34823.0,35863.0,36243.0,37553.0,38381.0,38413.0,38511.0,39169.0,40053.0,40886.0,41026.0,41209.0,41150.0,42250.0,42376.0,42850.0,44659.0,44284.0,,
Canada,8th,,34556.0,35214.0,35963.0,36616.0,37470.0,38055.0,37551.0,36484.0,36614.0,35696.0,36332.0,35972.0,34480.0,34808.0,36046.0,37144.0,38080.0,39532.0,39590.0,39788.0,40411.0,41429.0,42228.0,43770.0,44487.0,44782.0,44820.0,45362.0,46330.0,48073.0,47441.0,47692.0,47275.0,48971.0,49015.0,49426.0,51438.0,50959.0,,
Canada,9th,,41086.0,41730.0,42327.0,43284.0,44226.0,44836.0,44233.0,43020.0,43423.0,42034.0,43003.0,42611.0,41146.0,41671.0,42852.0,44383.0,45291.0,47324.0,47539.0,47589.0,48639.0,49322.0,50376.0,52350.0,53623.0,53769.0,53828.0,54871.0,55411.0,57756.0,56504.0,58017.0,56447.0,58698.0,58722.0,59285.0,60955.0,60421.0,,
Canada,10th,,54020.0,55061.0,56063.0,57579.0,58157.0,58189.0,58238.0,57234.0,56274.0,55188.0,56156.0,56301.0,55142.0,55997.0,58850.0,60064.0,62383.0,64835.0,65217.0,64618.0,67037.0,68651.0,70462.0,72383.0,73724.0,75733.0,74226.0,75738.0,75741.0,80469.0,77944.0,80070.0,78521.0,81000.0,81037.0,79533.0,81752.0,82801.0,,
Chile,1st,,,,,,,,798.41,,1101.0,,1001.0,,1260.0,,1309.0,,1230.0,,,1379.0,,,1690.0,,,1866.0,,2111.0,,2587.0,,2839.0,,2977.0,,,,,,
Chile,2nd,,,,,,,,1476.0,,1771.0,,1867.0,,2136.0,,2231.0,,2332.0,,,2427.0,,,2897.0,,,3205.0,,3416.0,,4125.0,,4460.0,,4660.0,,,,,,
Chile,3rd,,,,,,,,1948.0,,2349.0,,2552.0,,2886.0,,3015.0,,3130.0,,,3238.0,,,3835.0,,,4123.0,,4429.0,,5335.0,,5716.0,,5982.0,,,,,,
Chile,4th,,,,,,,,2468.0,,2948.0,,3261.0,,3723.0,,3869.0,,3980.0,,,4086.0,,,4790.0,,,5091.0,,5490.0,,6497.0,,6991.0,,7358.0,,,,,,
Chile,5th,,,,,,,,3045.0,,3607.0,,4060.0,,4589.0,,4803.0,,4898.0,,,5047.0,,,5825.0,,,6135.0,,6602.0,,7805.0,,8345.0,,8799.0,,,,,,
Chile,6th,,,,,,,,3757.0,,4408.0,,5069.0,,5575.0,,5896.0,,6010.0,,,6140.0,,,7089.0,,,7381.0,,7886.0,,9264.0,,9946.0,,10470.0,,,,,,
Chile,7th,,,,,,,,4632.0,,5407.0,,6285.0,,6997.0,,7319.0,,7470.0,,,7570.0,,,8625.0,,,9023.0,,9519.0,,11233.0,,12064.0,,12650.0,,,,,,
Chile,8th,,,,,,,,5911.0,,6988.0,,8127.0,,9038.0,,9493.0,,9568.0,,,9734.0,,,10923.0,,,11403.0,,11902.0,,14013.0,,15084.0,,15803.0,,,,,,
Chile,9th,,,,,,,,8234.0,,9820.0,,11540.0,,12866.0,,13454.0,,13708.0,,,13917.0,,,15216.0,,,15576.0,,16543.0,,19203.0,,20501.0,,21541.0,,,,,,
Chile,10th,,,,,,,,17045.0,,19331.0,,22645.0,,24717.0,,26857.0,,28119.0,,,27026.0,,,28466.0,,,30984.0,,32263.0,,36369.0,,38550.0,,40930.0,,,,,,
Colombia,1st,,,,,,,,,,,,,,,,,,,495.35,475.37,555.7,591.26,682.22,734.27,502.08,603.99,739.95,853.1,938.64,944.86,948.8,1021.0,1108.0,1145.0,1180.0,1122.0,1010.0,653.06,849.88,710.7,
Colombia,2nd,,,,,,,,,,,,,,,,,,,1387.0,1276.0,1364.0,1351.0,1532.0,1590.0,1420.0,1542.0,1677.0,1833.0,2016.0,2022.0,2102.0,2223.0,2335.0,2346.0,2440.0,2377.0,2209.0,1777.0,1935.0,1918.0,
Colombia,3rd,,,,,,,,,,,,,,,,,,,2081.0,1947.0,2056.0,2053.0,2234.0,2248.0,2189.0,2313.0,2472.0,2667.0,2868.0,2918.0,3055.0,3226.0,3323.0,3356.0,3400.0,3374.0,3247.0,2742.0,2885.0,2962.0,
Colombia,4th,,,,,,,,,,,,,,,,,,,2660.0,2500.0,2653.0,2627.0,2843.0,2882.0,2939.0,3063.0,3200.0,3425.0,3657.0,3797.0,3979.0,4161.0,4236.0,4242.0,4285.0,4326.0,4197.0,3663.0,3772.0,3875.0,
Colombia,5th,,,,,,,,,,,,,,,,,,,3307.0,3167.0,3314.0,3257.0,3520.0,3599.0,3740.0,3913.0,4026.0,4274.0,4595.0,4795.0,5008.0,5243.0,5331.0,5309.0,5343.0,5350.0,5214.0,4525.0,4660.0,4830.0,
Colombia,6th,,,,,,,,,,,,,,,,,,,4074.0,4003.0,4158.0,4105.0,4420.0,4479.0,4797.0,4977.0,5077.0,5393.0,5803.0,6012.0,6304.0,6579.0,6666.0,6618.0,6592.0,6645.0,6471.0,5607.0,5769.0,6066.0,
Colombia,7th,,,,,,,,,,,,,,,,,,,5118.0,5149.0,5184.0,5238.0,5589.0,5643.0,6179.0,6363.0,6460.0,6864.0,7302.0,7550.0,7864.0,8204.0,8267.0,8114.0,8081.0,8197.0,8059.0,7126.0,7226.0,7667.0,
Colombia,8th,,,,,,,,,,,,,,,,,,,6607.0,6633.0,6715.0,6705.0,7166.0,7235.0,8151.0,8331.0,8371.0,8908.0,9445.0,9647.0,10035.0,10419.0,10395.0,10114.0,10092.0,10200.0,10139.0,9077.0,9174.0,9880.0,
Colombia,9th,,,,,,,,,,,,,,,,,,,9240.0,9390.0,9343.0,9382.0,9992.0,10021.0,11474.0,11696.0,11603.0,12400.0,13034.0,13105.0,13673.0,14193.0,13945.0,13494.0,13379.0,13569.0,13554.0,12425.0,12509.0,13738.0,
Colombia,10th,,,,,,,,,,,,,,,,,,,17580.0,17832.0,17387.0,17750.0,19095.0,18783.0,21858.0,21907.0,21390.0,23157.0,23770.0,23415.0,24501.0,25334.0,24199.0,23579.0,23238.0,23415.0,23951.0,22446.0,22410.0,26620.0,
Czech Republic,1st,,,,,,,,,,5978.0,,,,6140.0,,,,,,6694.0,,6681.0,,,8287.0,,,8226.0,,,8145.0,,,9131.0,,,,,,,
Czech Republic,2nd,,,,,,,,,,7549.0,,,,8139.0,,,,,,8655.0,,9318.0,,,11153.0,,,11465.0,,,11083.0,,,12478.0,,,,,,,
Czech Republic,3rd,,,,,,,,,,8483.0,,,,9386.0,,,,,,10021.0,,10900.0,,,12899.0,,,13262.0,,,13131.0,,,14454.0,,,,,,,
Czech Republic,4th,,,,,,,,,,9270.0,,,,10481.0,,,,,,11231.0,,12081.0,,,14378.0,,,14862.0,,,14611.0,,,16245.0,,,,,,,
Czech Republic,5th,,,,,,,,,,10148.0,,,,11648.0,,,,,,12463.0,,13446.0,,,16067.0,,,16506.0,,,16126.0,,,18164.0,,,,,,,
Czech Republic,6th,,,,,,,,,,10960.0,,,,13062.0,,,,,,13750.0,,15077.0,,,17861.0,,,18521.0,,,17879.0,,,20203.0,,,,,,,
Czech Republic,7th,,,,,,,,,,11905.0,,,,14657.0,,,,,,15427.0,,16883.0,,,19858.0,,,20659.0,,,19940.0,,,22486.0,,,,,,,
Czech Republic,8th,,,,,,,,,,13129.0,,,,16574.0,,,,,,17510.0,,19588.0,,,22382.0,,,23365.0,,,22752.0,,,25504.0,,,,,,,
Czech Republic,9th,,,,,,,,,,14863.0,,,,19522.0,,,,,,20799.0,,22788.0,,,26331.0,,,27283.0,,,26574.0,,,29880.0,,,,,,,
Czech Republic,10th,,,,,,,,,,18838.0,,,,26142.0,,,,,,28555.0,,30882.0,,,34871.0,,,37821.0,,,36411.0,,,40128.0,,,,,,,
Denmark,1st,,,,,10785.0,,,,,11080.0,,,13245.0,,,,,13907.0,,,,14441.0,,,14622.0,,,14793.0,,,14681.0,,12229.0,12335.0,12487.0,12743.0,12920.0,13501.0,13772.0,12769.0,
Denmark,2nd,,,,,14533.0,,,,,15041.0,,,16867.0,,,,,17511.0,,,,18370.0,,,18980.0,,,19352.0,,,19100.0,,18226.0,18380.0,18549.0,19001.0,19175.0,19799.0,20028.0,19186.0,
Denmark,3rd,,,,,18006.0,,,,,17961.0,,,19788.0,,,,,20761.0,,,,21637.0,,,22478.0,,,22633.0,,,22144.0,,21375.0,21633.0,21878.0,22348.0,22557.0,23241.0,23423.0,22490.0,
Denmark,4th,,,,,21523.0,,,,,21016.0,,,22797.0,,,,,24013.0,,,,25025.0,,,26119.0,,,26166.0,,,25433.0,,24486.0,24764.0,25044.0,25607.0,25866.0,26736.0,27066.0,25890.0,
Denmark,5th,,,,,24421.0,,,,,23750.0,,,25453.0,,,,,26923.0,,,,28191.0,,,29420.0,,,29676.0,,,28746.0,,27727.0,28089.0,28448.0,29079.0,29335.0,30382.0,30806.0,29368.0,
Denmark,6th,,,,,26957.0,,,,,26260.0,,,27935.0,,,,,29610.0,,,,31111.0,,,32487.0,,,33068.0,,,32036.0,,31076.0,31466.0,31915.0,32617.0,32931.0,34233.0,34670.0,32950.0,
Denmark,7th,,,,,29549.0,,,,,28873.0,,,30535.0,,,,,32423.0,,,,34160.0,,,35636.0,,,36577.0,,,35612.0,,34736.0,35187.0,35674.0,36512.0,36826.0,38416.0,38892.0,36879.0,
Denmark,8th,,,,,32629.0,,,,,31857.0,,,33571.0,,,,,35773.0,,,,37820.0,,,39391.0,,,40720.0,,,39795.0,,39067.0,39654.0,40273.0,41136.0,41507.0,43375.0,43999.0,41743.0,
Denmark,9th,,,,,37451.0,,,,,35779.0,,,37851.0,,,,,40372.0,,,,42681.0,,,44622.0,,,46349.0,,,45649.0,,45187.0,45887.0,46662.0,47750.0,48189.0,50275.0,51101.0,48593.0,
Denmark,10th,,,,,49143.0,,,,,44084.0,,,46739.0,,,,,50201.0,,,,52894.0,,,55713.0,,,58679.0,,,58427.0,,59471.0,60427.0,61486.0,62908.0,63879.0,66212.0,67948.0,65141.0,
Estonia,1st,,,,,,,,,,,,,,,,,,2324.0,,,,2881.0,,,5037.0,,,4026.0,,,4318.0,,,6410.0,,,,,,,
Estonia,2nd,,,,,,,,,,,,,,,,,,3539.0,,,,4593.0,,,7018.0,,,6624.0,,,6843.0,,,8921.0,,,,,,,
Estonia,3rd,,,,,,,,,,,,,,,,,,4442.0,,,,5761.0,,,8952.0,,,8044.0,,,8655.0,,,11574.0,,,,,,,
Estonia,4th,,,,,,,,,,,,,,,,,,5255.0,,,,6901.0,,,10827.0,,,9582.0,,,10440.0,,,13904.0,,,,,,,
Estonia,5th,,,,,,,,,,,,,,,,,,6204.0,,,,8171.0,,,12742.0,,,11161.0,,,12465.0,,,16756.0,,,,,,,
Estonia,6th,,,,,,,,,,,,,,,,,,7191.0,,,,9449.0,,,14616.0,,,13019.0,,,14978.0,,,19662.0,,,,,,,
Estonia,7th,,,,,,,,,,,,,,,,,,8534.0,,,,11189.0,,,16760.0,,,15243.0,,,17936.0,,,22873.0,,,,,,,
Estonia,8th,,,,,,,,,,,,,,,,,,10107.0,,,,13365.0,,,19602.0,,,17697.0,,,21213.0,,,26920.0,,,,,,,
Estonia,9th,,,,,,,,,,,,,,,,,,13017.0,,,,16560.0,,,23742.0,,,21863.0,,,26364.0,,,32143.0,,,,,,,
Estonia,10th,,,,,,,,,,,,,,,,,,19761.0,,,,25216.0,,,33181.0,,,29903.0,,,38045.0,,,46203.0,,,,,,,
Finland,1st,,,,,10149.0,,,,10908.0,,,,10462.0,,,,,10978.0,,,,11830.0,,,12341.0,,,12942.0,,,13139.0,,,13664.0,,,,,,,
Finland,2nd,,,,,13410.0,,,,14884.0,,,,13503.0,,,,,14025.0,,,,15523.0,,,16323.0,,,16911.0,,,17213.0,,,17738.0,,,,,,,
Finland,3rd,,,,,15594.0,,,,17427.0,,,,15607.0,,,,,16329.0,,,,18388.0,,,19820.0,,,20361.0,,,20475.0,,,20917.0,,,,,,,
Finland,4th,,,,,17668.0,,,,19584.0,,,,17352.0,,,,,18713.0,,,,21099.0,,,22989.0,,,23561.0,,,23563.0,,,23874.0,,,,,,,
Finland,5th,,,,,19499.0,,,,21419.0,,,,19100.0,,,,,20998.0,,,,23883.0,,,26183.0,,,26668.0,,,26628.0,,,26750.0,,,,,,,
Finland,6th,,,,,21254.0,,,,23397.0,,,,20848.0,,,,,23576.0,,,,26373.0,,,29105.0,,,29892.0,,,29688.0,,,29735.0,,,,,,,
Finland,7th,,,,,23213.0,,,,25583.0,,,,22850.0,,,,,26002.0,,,,29395.0,,,32487.0,,,33324.0,,,33171.0,,,33079.0,,,,,,,
Finland,8th,,,,,25394.0,,,,28177.0,,,,25351.0,,,,,28992.0,,,,33316.0,,,36430.0,,,37646.0,,,37434.0,,,37424.0,,,,,,,
Finland,9th,,,,,28600.0,,,,31640.0,,,,28752.0,,,,,33348.0,,,,38408.0,,,42296.0,,,43362.0,,,43479.0,,,42923.0,,,,,,,
Finland,10th,,,,,35121.0,,,,39159.0,,,,36293.0,,,,,44292.0,,,,50476.0,,,56194.0,,,56880.0,,,57515.0,,,58261.0,,,,,,,
France,1st,,8698.0,,,,,,9880.0,,,,,,9568.0,9657.0,10074.0,10156.0,10314.0,10642.0,11047.0,10845.0,10757.0,10598.0,10877.0,11009.0,11015.0,10960.0,10827.0,10797.0,10521.0,11068.0,10898.0,11050.0,11040.0,11099.0,11129.0,11041.0,11793.0,11295.0,11353.0,
France,2nd,,12513.0,,,,,,13387.0,,,,,,13630.0,13684.0,14218.0,14266.0,14477.0,14902.0,15489.0,15421.0,15471.0,15542.0,15689.0,15994.0,16203.0,16125.0,15874.0,15738.0,15667.0,15842.0,15889.0,15890.0,16052.0,16123.0,15825.0,16320.0,16780.0,16575.0,16577.0,
France,3rd,,14714.0,,,,,,15831.0,,,,,,16523.0,16534.0,17023.0,17185.0,17416.0,17877.0,18514.0,18474.0,18438.0,18679.0,18831.0,19139.0,19700.0,19510.0,19216.0,19108.0,18942.0,19208.0,19186.0,19340.0,19430.0,19615.0,19281.0,19849.0,20345.0,20254.0,20166.0,
France,4th,,16872.0,,,,,,18109.0,,,,,,18946.0,19001.0,19528.0,19681.0,20060.0,20559.0,21247.0,21170.0,21154.0,21336.0,21638.0,22013.0,22620.0,22466.0,22312.0,22087.0,21968.0,22146.0,22252.0,22303.0,22486.0,22646.0,22453.0,22932.0,23389.0,23527.0,23465.0,
France,5th,,19155.0,,,,,,20464.0,,,,,,21429.0,21507.0,22030.0,22271.0,22704.0,23219.0,23942.0,23881.0,23805.0,23993.0,24401.0,24769.0,25348.0,25283.0,25259.0,25029.0,24856.0,24967.0,25032.0,25232.0,25464.0,25557.0,25473.0,25835.0,26298.0,26515.0,26483.0,
France,6th,,21627.0,,,,,,23098.0,,,,,,24185.0,24258.0,24850.0,25110.0,25545.0,26092.0,26898.0,26728.0,26699.0,26976.0,27378.0,27848.0,28190.0,28460.0,28335.0,28219.0,27883.0,27986.0,28020.0,28128.0,28440.0,28628.0,28569.0,28966.0,29530.0,29709.0,29630.0,
France,7th,,24616.0,,,,,,26067.0,,,,,,27332.0,27458.0,28040.0,28364.0,28862.0,29512.0,30293.0,30094.0,30044.0,30391.0,30859.0,31441.0,31673.0,32019.0,31925.0,31902.0,31599.0,31464.0,31505.0,31619.0,31912.0,32162.0,32009.0,32579.0,33051.0,33338.0,33303.0,
France,8th,,28530.0,,,,,,29843.0,,,,,,31312.0,31556.0,32125.0,32634.0,33225.0,33980.0,34725.0,34652.0,34412.0,34639.0,35433.0,35972.0,36300.0,36721.0,36792.0,36723.0,36257.0,36322.0,36117.0,36465.0,36485.0,36738.0,36606.0,37276.0,37708.0,38179.0,38061.0,
France,9th,,34272.0,,,,,,35977.0,,,,,,37671.0,37785.0,38577.0,39401.0,40269.0,41077.0,41972.0,41512.0,41085.0,41673.0,42487.0,43269.0,43773.0,44304.0,44331.0,44538.0,43870.0,43729.0,43325.0,43736.0,43623.0,43852.0,43959.0,44730.0,45038.0,45516.0,45288.0,
France,10th,,48742.0,,,,,,50543.0,,,,,,52671.0,52846.0,53633.0,55941.0,57518.0,58450.0,60720.0,59009.0,59126.0,60643.0,61720.0,62408.0,63556.0,64009.0,64549.0,65166.0,63352.0,62750.0,60967.0,62447.0,62621.0,62941.0,63169.0,63713.0,62824.0,66174.0,64075.0,
Germany,1st,13737.0,10551.0,10818.0,11402.0,11475.0,11924.0,12882.0,12719.0,11267.0,11787.0,12218.0,11183.0,11165.0,11759.0,11710.0,11995.0,12039.0,12125.0,11989.0,11722.0,11801.0,11830.0,11173.0,11349.0,11615.0,11335.0,11544.0,11494.0,11772.0,11472.0,11501.0,11107.0,11636.0,11462.0,11556.0,11917.0,11811.0,11931.0,11218.0,9999.0,
Germany,2nd,18388.0,14881.0,15020.0,16036.0,16295.0,16843.0,17071.0,17775.0,15844.0,16342.0,16770.0,16198.0,16676.0,16997.0,16795.0,17310.0,17347.0,17462.0,17092.0,17079.0,17025.0,16799.0,16173.0,16363.0,16524.0,16432.0,16325.0,16383.0,16573.0,16304.0,16169.0,16271.0,16586.0,16966.0,17031.0,17490.0,17484.0,18275.0,17971.0,17310.0,
Germany,3rd,21457.0,17801.0,17714.0,18918.0,19174.0,20084.0,20175.0,20969.0,18915.0,19344.0,19708.0,19105.0,19558.0,20073.0,19660.0,20219.0,20464.0,20856.0,20411.0,20637.0,20362.0,20327.0,19579.0,19910.0,19879.0,19854.0,19687.0,19738.0,20039.0,19740.0,19525.0,19823.0,20358.0,20959.0,21113.0,21571.0,21845.0,23006.0,22426.0,22335.0,
Germany,4th,24317.0,20263.0,20230.0,21388.0,21799.0,22651.0,22907.0,23935.0,21879.0,22223.0,22416.0,21895.0,22293.0,22499.0,22107.0,22765.0,23117.0,23524.0,23318.0,23474.0,23190.0,23335.0,22530.0,22926.0,22869.0,22756.0,22858.0,22908.0,23019.0,22641.0,22741.0,22993.0,23767.0,24158.0,24648.0,25053.0,25774.0,26812.0,26359.0,26081.0,
Germany,5th,27154.0,22849.0,22721.0,23943.0,24627.0,25359.0,25731.0,26708.0,24540.0,25030.0,24944.0,24469.0,24637.0,24868.0,24531.0,25118.0,25709.0,26248.0,25671.0,26338.0,26050.0,26059.0,25471.0,25723.0,25757.0,25592.0,25942.0,26205.0,25967.0,25709.0,25706.0,26071.0,26953.0,27497.0,27822.0,28769.0,29379.0,30658.0,30376.0,29942.0,
Germany,6th,30427.0,25410.0,25473.0,26636.0,27304.0,28128.0,28605.0,29841.0,27458.0,27957.0,27820.0,27405.0,27372.0,27547.0,26932.0,27889.0,28515.0,29055.0,28367.0,29212.0,29105.0,28868.0,28407.0,28673.0,28971.0,28941.0,29354.0,29677.0,29388.0,29112.0,29294.0,29376.0,30429.0,30928.0,31240.0,32431.0,33075.0,34469.0,34496.0,33972.0,
Germany,7th,34187.0,28372.0,28493.0,29732.0,30402.0,31320.0,31914.0,33566.0,31088.0,31331.0,31368.0,30645.0,30585.0,30969.0,30170.0,31268.0,31887.0,32526.0,31695.0,32589.0,32312.0,32379.0,31830.0,32448.0,32565.0,32626.0,33065.0,33529.0,33064.0,33122.0,33367.0,33509.0,34305.0,35018.0,35293.0,36441.0,37216.0,38719.0,38740.0,38074.0,
Germany,8th,38940.0,31815.0,31919.0,33484.0,34233.0,35520.0,36045.0,37880.0,35558.0,35475.0,35860.0,34537.0,34782.0,35029.0,34352.0,35638.0,36156.0,36791.0,35965.0,37043.0,36675.0,36857.0,36586.0,37190.0,37143.0,37196.0,37630.0,38070.0,37972.0,37879.0,38103.0,38554.0,39074.0,40236.0,40170.0,41589.0,42197.0,44596.0,44146.0,43243.0,
Germany,9th,45785.0,36809.0,37064.0,38667.0,39760.0,41181.0,41314.0,44293.0,42790.0,42496.0,41585.0,40810.0,40499.0,41171.0,40521.0,41830.0,42815.0,43030.0,42597.0,43485.0,42757.0,43303.0,43366.0,44228.0,44004.0,43717.0,44315.0,45320.0,45135.0,45024.0,45386.0,46072.0,46642.0,47596.0,47845.0,48842.0,49769.0,52291.0,52179.0,50845.0,
Germany,10th,62141.0,48640.0,47601.0,50182.0,51693.0,53335.0,54275.0,58094.0,54585.0,55284.0,55326.0,54574.0,53983.0,54154.0,53539.0,55079.0,57315.0,57836.0,59789.0,60694.0,59116.0,59729.0,61529.0,62161.0,61792.0,62376.0,61095.0,62233.0,62641.0,62441.0,63237.0,62889.0,63262.0,66347.0,64930.0,68043.0,68969.0,73604.0,73203.0,71093.0,
Greece,1st,,,,,,,,,,,,,3951.0,,,,,5457.0,,6036.0,7261.0,7450.0,7259.0,7441.0,7959.0,7676.0,8022.0,6801.0,4951.0,4144.0,3615.0,3654.0,3572.0,4130.0,4520.0,5424.0,5740.0,5172.0,6383.0,,
Greece,2nd,,,,,,,,,,,,,7416.0,,,,,8791.0,,10001.0,10705.0,11175.0,10875.0,11198.0,11754.0,11384.0,11688.0,10505.0,8251.0,7316.0,6460.0,6802.0,6756.0,6991.0,7502.0,8249.0,8820.0,8507.0,9435.0,,
Greece,3rd,,,,,,,,,,,,,9875.0,,,,,11027.0,,12650.0,13346.0,13979.0,13554.0,13672.0,14519.0,14786.0,14861.0,13044.0,10352.0,9283.0,8622.0,8936.0,9051.0,9252.0,9564.0,10414.0,10863.0,10669.0,11554.0,,
Greece,4th,,,,,,,,,,,,,11777.0,,,,,13376.0,,15087.0,15971.0,16729.0,16260.0,16286.0,17281.0,17366.0,17677.0,15541.0,12490.0,11121.0,10283.0,10717.0,10694.0,11083.0,11367.0,12114.0,12676.0,12630.0,13723.0,,
Greece,5th,,,,,,,,,,,,,13965.0,,,,,15910.0,,17857.0,18488.0,19190.0,19078.0,19110.0,20256.0,20136.0,20859.0,18268.0,14852.0,13226.0,12152.0,12559.0,12560.0,12954.0,13224.0,13901.0,14561.0,14615.0,15805.0,,
Greece,6th,,,,,,,,,,,,,16224.0,,,,,18767.0,,20795.0,21415.0,22283.0,22385.0,22166.0,23100.0,23161.0,23875.0,21324.0,17344.0,15239.0,14029.0,14483.0,14610.0,14875.0,15150.0,15914.0,16725.0,16692.0,18063.0,,
Greece,7th,,,,,,,,,,,,,19129.0,,,,,21932.0,,23999.0,25068.0,26189.0,25819.0,25477.0,26501.0,26882.0,27572.0,24385.0,19719.0,17435.0,16192.0,16647.0,16934.0,17307.0,17491.0,18217.0,19220.0,19144.0,20490.0,,
Greece,8th,,,,,,,,,,,,,22484.0,,,,,25897.0,,28254.0,29629.0,31087.0,30703.0,30141.0,30842.0,31409.0,31523.0,28103.0,22779.0,20249.0,19165.0,19443.0,19998.0,20150.0,20156.0,20841.0,22138.0,21920.0,23481.0,,
Greece,9th,,,,,,,,,,,,,27484.0,,,,,31190.0,,34751.0,35776.0,37627.0,37127.0,36815.0,37602.0,37617.0,37745.0,34146.0,26987.0,24078.0,23628.0,23894.0,24167.0,24131.0,24134.0,24581.0,26181.0,26421.0,28128.0,,
Greece,10th,,,,,,,,,,,,,40441.0,,,,,45682.0,,50607.0,49178.0,53965.0,54872.0,50585.0,51676.0,52380.0,55090.0,46893.0,36583.0,33219.0,32278.0,32553.0,33590.0,32969.0,32540.0,32669.0,34930.0,35930.0,39082.0,,
Hungary,1st,,,,,,,,,4250.0,,,3242.0,,,,,3810.0,,,,,,4799.0,,5005.0,,4485.0,,,3880.0,,,5841.0,,,,,,,,
Hungary,2nd,,,,,,,,,6306.0,,,5046.0,,,,,5005.0,,,,,,6733.0,,6766.0,,6319.0,,,5886.0,,,7905.0,,,,,,,,
Hungary,3rd,,,,,,,,,7690.0,,,6120.0,,,,,5864.0,,,,,,7834.0,,7991.0,,7682.0,,,7023.0,,,9469.0,,,,,,,,
Hungary,4th,,,,,,,,,8872.0,,,7117.0,,,,,6645.0,,,,,,8901.0,,9066.0,,8859.0,,,8279.0,,,10690.0,,,,,,,,
Hungary,5th,,,,,,,,,10119.0,,,8064.0,,,,,7584.0,,,,,,9959.0,,10158.0,,9763.0,,,9632.0,,,11945.0,,,,,,,,
Hungary,6th,,,,,,,,,11495.0,,,9162.0,,,,,8647.0,,,,,,11239.0,,11379.0,,10703.0,,,10930.0,,,13543.0,,,,,,,,
Hungary,7th,,,,,,,,,12883.0,,,10539.0,,,,,9727.0,,,,,,12665.0,,12810.0,,12013.0,,,12142.0,,,15551.0,,,,,,,,
Hungary,8th,,,,,,,,,14762.0,,,12477.0,,,,,11122.0,,,,,,14432.0,,14334.0,,13855.0,,,14087.0,,,17466.0,,,,,,,,
Hungary,9th,,,,,,,,,17336.0,,,15661.0,,,,,13655.0,,,,,,17330.0,,16562.0,,16652.0,,,16504.0,,,20164.0,,,,,,,,
Hungary,10th,,,,,,,,,24382.0,,,23531.0,,,,,19494.0,,,,,,25453.0,,23905.0,,22564.0,,,22499.0,,,27641.0,,,,,,,,
Iceland,1st,,,,,,,,,,,,,,,,,,,,,13992.0,14699.0,14926.0,15835.0,16633.0,16618.0,14758.0,14364.0,13613.0,14274.0,15480.0,15148.0,16443.0,16930.0,19061.0,,,,,,
Iceland,2nd,,,,,,,,,,,,,,,,,,,,,17973.0,19559.0,20269.0,21508.0,22603.0,22567.0,20019.0,18934.0,18207.0,19043.0,19746.0,19938.0,21543.0,22287.0,24726.0,,,,,,
Iceland,3rd,,,,,,,,,,,,,,,,,,,,,21687.0,22810.0,24096.0,25400.0,27004.0,26352.0,23567.0,21980.0,21308.0,21939.0,22749.0,23731.0,25279.0,26550.0,28919.0,,,,,,
Iceland,4th,,,,,,,,,,,,,,,,,,,,,24544.0,25834.0,27060.0,29005.0,31045.0,29854.0,26780.0,24983.0,23697.0,25267.0,25954.0,26999.0,28843.0,30428.0,32717.0,,,,,,
Iceland,5th,,,,,,,,,,,,,,,,,,,,,27301.0,28482.0,30303.0,32954.0,34691.0,33801.0,30065.0,28315.0,26447.0,28096.0,29035.0,30133.0,32416.0,34145.0,36757.0,,,,,,
Iceland,6th,,,,,,,,,,,,,,,,,,,,,30561.0,31281.0,33397.0,36868.0,38643.0,37885.0,33680.0,31423.0,29676.0,31245.0,32275.0,33581.0,36049.0,37755.0,40563.0,,,,,,
Iceland,7th,,,,,,,,,,,,,,,,,,,,,33583.0,34656.0,37001.0,41089.0,43329.0,42361.0,37136.0,34571.0,33121.0,34784.0,35916.0,36931.0,39809.0,41740.0,44401.0,,,,,,
Iceland,8th,,,,,,,,,,,,,,,,,,,,,37308.0,38944.0,42342.0,46576.0,49128.0,48981.0,42329.0,38885.0,37281.0,38780.0,40136.0,41899.0,44917.0,46591.0,50041.0,,,,,,
Iceland,9th,,,,,,,,,,,,,,,,,,,,,43286.0,44801.0,49834.0,56609.0,58804.0,59195.0,50125.0,44355.0,42951.0,45173.0,46858.0,49170.0,52660.0,54263.0,57274.0,,,,,,
Iceland,10th,,,,,,,,,,,,,,,,,,,,,57438.0,60565.0,70318.0,79618.0,84023.0,89662.0,71227.0,61130.0,56580.0,61705.0,62301.0,66970.0,69943.0,75442.0,76508.0,,,,,,
Ireland,1st,,,,,4840.0,,,,,,,6673.0,6673.0,7072.0,,,,8266.0,,8678.0,9426.0,9896.0,10769.0,11345.0,11866.0,11107.0,10459.0,9887.0,9023.0,9626.0,9753.0,10538.0,10894.0,11262.0,12314.0,13319.0,13544.0,14787.0,13748.0,,
Ireland,2nd,,,,,6182.0,,,,,,,8192.0,8324.0,8959.0,,,,10667.0,,12263.0,12809.0,13067.0,14246.0,15467.0,15586.0,14543.0,14213.0,13986.0,13094.0,13187.0,13333.0,14112.0,14476.0,15083.0,16558.0,17620.0,18039.0,19377.0,18796.0,,
Ireland,3rd,,,,,7691.0,,,,,,,9984.0,10305.0,10781.0,,,,14303.0,,16160.0,15777.0,16209.0,17320.0,18760.0,18879.0,17710.0,16848.0,16683.0,15949.0,15549.0,16174.0,16762.0,17544.0,18096.0,19849.0,20770.0,21496.0,23209.0,23044.0,,
Ireland,4th,,,,,9120.0,,,,,,,11901.0,12190.0,13260.0,,,,17762.0,,19768.0,19651.0,19752.0,20761.0,22356.0,22344.0,20233.0,19446.0,19260.0,18525.0,18362.0,18493.0,19777.0,20522.0,21345.0,23235.0,24415.0,25201.0,26835.0,26596.0,,
Ireland,5th,,,,,10825.0,,,,,,,13926.0,14804.0,15526.0,,,,20759.0,,22805.0,23382.0,23647.0,24261.0,26272.0,25942.0,23629.0,22564.0,21961.0,21396.0,21126.0,21637.0,22981.0,24169.0,24505.0,26908.0,27265.0,28494.0,30312.0,30315.0,,
Ireland,6th,,,,,12549.0,,,,,,,16669.0,17021.0,18297.0,,,,23907.0,,26335.0,26812.0,27372.0,28283.0,30278.0,29813.0,27136.0,26061.0,25644.0,24507.0,24496.0,24925.0,26427.0,27526.0,28144.0,30283.0,30762.0,32339.0,34306.0,34900.0,,
Ireland,7th,,,,,14591.0,,,,,,,19767.0,20164.0,21231.0,,,,27315.0,,30021.0,30488.0,31495.0,32084.0,35194.0,33877.0,30704.0,29704.0,29433.0,28200.0,28114.0,28900.0,30290.0,31690.0,32602.0,35149.0,35418.0,37168.0,38902.0,39383.0,,
Ireland,8th,,,,,17398.0,,,,,,,23131.0,23519.0,25205.0,,,,31198.0,,34822.0,35321.0,36173.0,37742.0,40881.0,39157.0,36667.0,34476.0,33996.0,32868.0,32820.0,33519.0,34794.0,36131.0,37602.0,39368.0,40952.0,42441.0,44809.0,44725.0,,
Ireland,9th,,,,,21108.0,,,,,,,28327.0,29141.0,30480.0,,,,36811.0,,40784.0,42064.0,43259.0,45424.0,49141.0,46347.0,43402.0,42553.0,40639.0,39612.0,39876.0,39877.0,41720.0,41653.0,45635.0,46890.0,48720.0,49428.0,52087.0,52102.0,,
Ireland,10th,,,,,29059.0,,,,,,,38846.0,41716.0,42406.0,,,,49248.0,,55592.0,56914.0,58457.0,61408.0,68041.0,63036.0,57082.0,57173.0,55650.0,53446.0,54912.0,56103.0,58256.0,58375.0,63327.0,64684.0,65619.0,66547.0,71147.0,71572.0,,
Israel,1st,,,,4833.0,,,,,,5676.0,,,,,5059.0,,,,5766.0,4534.0,4494.0,4309.0,4472.0,4840.0,4941.0,5021.0,4740.0,5023.0,5375.0,5246.0,5647.0,5502.0,5736.0,6193.0,6295.0,6850.0,6361.0,6884.0,6405.0,,
Israel,2nd,,,,6514.0,,,,,,7975.0,,,,,7460.0,,,,7849.0,6827.0,6818.0,6739.0,6860.0,7129.0,7618.0,7734.0,7282.0,7732.0,7929.0,8312.0,8958.0,8927.0,9123.0,9910.0,10288.0,10869.0,10356.0,10346.0,10389.0,,
Israel,3rd,,,,8031.0,,,,,,9764.0,,,,,9239.0,,,,9955.0,8787.0,8657.0,8804.0,8980.0,9273.0,9809.0,10207.0,9694.0,9936.0,10121.0,10936.0,11988.0,12112.0,12648.0,13153.0,14146.0,14704.0,13908.0,13837.0,13974.0,,
Israel,4th,,,,9590.0,,,,,,11441.0,,,,,11067.0,,,,12246.0,10858.0,10791.0,11251.0,11599.0,11780.0,12534.0,12752.0,12400.0,12865.0,12991.0,14017.0,15210.0,15286.0,16224.0,16459.0,17914.0,18330.0,17775.0,17500.0,17497.0,,
Israel,5th,,,,11181.0,,,,,,13258.0,,,,,13125.0,,,,14619.0,13238.0,13284.0,13851.0,14224.0,14683.0,15580.0,15589.0,15466.0,16056.0,16111.0,17024.0,18429.0,18743.0,19556.0,19925.0,21241.0,22040.0,21261.0,21148.0,21123.0,,
Israel,6th,,,,12899.0,,,,,,15324.0,,,,,15628.0,,,,17344.0,15850.0,16224.0,16731.0,17070.0,17955.0,18668.0,18980.0,18836.0,19568.0,19610.0,20478.0,21751.0,22456.0,23135.0,23638.0,25054.0,25865.0,25180.0,24659.0,25208.0,,
Israel,7th,,,,15065.0,,,,,,17893.0,,,,,18326.0,,,,20849.0,18613.0,19454.0,20039.0,20498.0,21205.0,22455.0,22743.0,22693.0,23265.0,23591.0,24453.0,25722.0,26503.0,27137.0,27893.0,29704.0,30321.0,29181.0,28926.0,29374.0,,
Israel,8th,,,,17706.0,,,,,,20981.0,,,,,21486.0,,,,24313.0,22297.0,23186.0,24136.0,24634.0,25347.0,26771.0,27255.0,27816.0,27862.0,28477.0,29407.0,30663.0,31546.0,32422.0,33251.0,34967.0,35289.0,34502.0,34760.0,34717.0,,
Israel,9th,,,,21706.0,,,,,,25310.0,,,,,26510.0,,,,30182.0,27642.0,28637.0,30172.0,30854.0,31794.0,33041.0,33879.0,34314.0,34677.0,35485.0,36742.0,38055.0,38904.0,39669.0,40419.0,42744.0,42845.0,41888.0,42110.0,42051.0,,
Israel,10th,,,,29451.0,,,,,,34671.0,,,,,36970.0,,,,42126.0,38749.0,40519.0,42764.0,45391.0,46606.0,47801.0,50272.0,50198.0,49783.0,49451.0,52321.0,53751.0,55881.0,54528.0,56656.0,58100.0,59433.0,57638.0,57452.0,58028.0,,
Italy,1st,6913.0,6841.0,,6505.0,6872.0,,8357.0,,8458.0,,5547.0,,5528.0,,,5249.0,,6198.0,,6707.0,,7131.0,,7827.0,,7667.0,,6716.0,,5441.0,,4663.0,,4603.0,,,,6113.0,,,
Italy,2nd,10063.0,9983.0,,9658.0,10074.0,,11700.0,,11611.0,,9941.0,,9729.0,,,10010.0,,10846.0,,10792.0,,11219.0,,11720.0,,11505.0,,11312.0,,9900.0,,9765.0,,9777.0,,,,10135.0,,,
Italy,3rd,11982.0,12091.0,,11502.0,12434.0,,13963.0,,13983.0,,12353.0,,12295.0,,,13052.0,,13426.0,,13382.0,,13708.0,,14388.0,,14089.0,,13993.0,,12266.0,,12218.0,,12742.0,,,,12835.0,,,
Italy,4th,13772.0,13961.0,,13263.0,14765.0,,16498.0,,16582.0,,14948.0,,14610.0,,,15530.0,,16059.0,,16197.0,,16093.0,,17379.0,,16701.0,,16498.0,,14703.0,,14800.0,,15035.0,,,,15316.0,,,
Italy,5th,15663.0,16244.0,,15333.0,17455.0,,19176.0,,19409.0,,17678.0,,17554.0,,,18650.0,,18845.0,,18949.0,,19091.0,,20146.0,,19839.0,,19416.0,,17248.0,,17475.0,,17963.0,,,,18460.0,,,
Italy,6th,18341.0,18601.0,,17755.0,20008.0,,21631.0,,22092.0,,20919.0,,20386.0,,,21744.0,,21982.0,,21970.0,,22226.0,,23515.0,,22934.0,,22502.0,,20124.0,,20338.0,,21075.0,,,,21792.0,,,
Italy,7th,21125.0,21479.0,,20361.0,23437.0,,25061.0,,25334.0,,24543.0,,23861.0,,,24932.0,,25649.0,,25360.0,,25493.0,,26946.0,,26559.0,,25937.0,,23407.0,,23742.0,,24770.0,,,,24748.0,,,
Italy,8th,23988.0,24793.0,,23754.0,28110.0,,29525.0,,28971.0,,28852.0,,28086.0,,,29229.0,,29666.0,,29757.0,,29882.0,,31254.0,,30753.0,,30013.0,,27304.0,,27432.0,,28519.0,,,,28994.0,,,
Italy,9th,28617.0,29654.0,,28483.0,34520.0,,35299.0,,34427.0,,34902.0,,33662.0,,,35244.0,,35626.0,,35714.0,,36109.0,,37160.0,,36344.0,,36093.0,,32735.0,,32895.0,,33948.0,,,,34946.0,,,
Italy,10th,38333.0,40513.0,,37734.0,48608.0,,48024.0,,46028.0,,48841.0,,46627.0,,,51567.0,,51351.0,,50753.0,,50987.0,,52087.0,,51404.0,,49321.0,,47017.0,,44875.0,,49300.0,,,,48827.0,,,
Japan,1st,,,,,,,,,,,,,,,,,,,,,,,,,,7348.0,7805.0,9193.0,8264.0,9011.0,7464.0,9497.0,9379.0,8194.0,8918.0,7067.0,6941.0,7738.0,,,
Japan,2nd,,,,,,,,,,,,,,,,,,,,,,,,,,13692.0,14323.0,14872.0,13527.0,14220.0,14120.0,14816.0,14493.0,14026.0,14111.0,13224.0,13585.0,14224.0,,,
Japan,3rd,,,,,,,,,,,,,,,,,,,,,,,,,,17722.0,18127.0,18796.0,17303.0,17842.0,17889.0,17661.0,18278.0,17595.0,17510.0,17115.0,17081.0,17515.0,,,
Japan,4th,,,,,,,,,,,,,,,,,,,,,,,,,,21590.0,21345.0,22215.0,20459.0,21003.0,20710.0,20874.0,21021.0,20549.0,20339.0,20222.0,20436.0,20964.0,,,
Japan,5th,,,,,,,,,,,,,,,,,,,,,,,,,,25358.0,24903.0,25397.0,23737.0,24285.0,23905.0,23556.0,24226.0,23580.0,23558.0,23191.0,23245.0,24245.0,,,
Japan,6th,,,,,,,,,,,,,,,,,,,,,,,,,,29003.0,28565.0,28741.0,27053.0,27481.0,27109.0,26953.0,27509.0,26897.0,27146.0,26677.0,26636.0,27790.0,,,
Japan,7th,,,,,,,,,,,,,,,,,,,,,,,,,,33120.0,32025.0,32856.0,30869.0,31389.0,30918.0,30726.0,31343.0,30486.0,30931.0,30177.0,30489.0,31764.0,,,
Japan,8th,,,,,,,,,,,,,,,,,,,,,,,,,,38540.0,36869.0,37940.0,35879.0,36152.0,35562.0,34890.0,35151.0,35424.0,36147.0,34557.0,35364.0,36464.0,,,
Japan,9th,,,,,,,,,,,,,,,,,,,,,,,,,,45929.0,44629.0,45328.0,43366.0,42939.0,42529.0,42447.0,42094.0,42388.0,43377.0,41568.0,41790.0,42726.0,,,
Japan,10th,,,,,,,,,,,,,,,,,,,,,,,,,,64164.0,60857.0,60045.0,59734.0,59878.0,55885.0,57537.0,58084.0,57750.0,59296.0,56757.0,58070.0,60420.0,,,
South Korea,1st,,,,,,,,,,,,,,,,,,,,,,,,5735.0,,5723.0,,5636.0,,5900.0,,6083.0,,7152.0,7318.0,7960.0,8482.0,9498.0,9474.0,,
South Korea,2nd,,,,,,,,,,,,,,,,,,,,,,,,10611.0,,10456.0,,10783.0,,11510.0,,12039.0,,12413.0,12822.0,13542.0,14128.0,15138.0,15773.0,,
South Korea,3rd,,,,,,,,,,,,,,,,,,,,,,,,13838.0,,14124.0,,14424.0,,15211.0,,16111.0,,16911.0,17605.0,18108.0,19004.0,19830.0,20588.0,,
South Korea,4th,,,,,,,,,,,,,,,,,,,,,,,,16660.0,,16890.0,,17485.0,,18294.0,,19120.0,,20971.0,21662.0,22318.0,23235.0,24188.0,24854.0,,
South Korea,5th,,,,,,,,,,,,,,,,,,,,,,,,19316.0,,19588.0,,20079.0,,21317.0,,22072.0,,25022.0,25618.0,26404.0,27414.0,28391.0,29045.0,,
South Korea,6th,,,,,,,,,,,,,,,,,,,,,,,,22122.0,,22353.0,,22893.0,,24263.0,,24995.0,,29322.0,29887.0,30674.0,31639.0,32607.0,33715.0,,
South Korea,7th,,,,,,,,,,,,,,,,,,,,,,,,25166.0,,25703.0,,26099.0,,27707.0,,28573.0,,34168.0,35186.0,35895.0,36682.0,37480.0,39079.0,,
South Korea,8th,,,,,,,,,,,,,,,,,,,,,,,,29146.0,,29778.0,,29937.0,,31878.0,,32837.0,,40271.0,41762.0,42614.0,43140.0,44044.0,46112.0,,
South Korea,9th,,,,,,,,,,,,,,,,,,,,,,,,34607.0,,35908.0,,36263.0,,37707.0,,38953.0,,49491.0,51011.0,52110.0,52737.0,52909.0,56073.0,,
South Korea,10th,,,,,,,,,,,,,,,,,,,,,,,,46289.0,,48519.0,,48760.0,,50695.0,,52329.0,,68371.0,71688.0,72859.0,72237.0,73750.0,78160.0,,
Lithuania,1st,,,,,,,,,,,,,,,,,,,,,,,,,,,3021.0,3226.0,3946.0,3992.0,4089.0,3981.0,4319.0,4186.0,4371.0,5334.0,6296.0,6855.0,6738.0,,
Lithuania,2nd,,,,,,,,,,,,,,,,,,,,,,,,,,,5449.0,5413.0,5910.0,5753.0,6162.0,6118.0,6585.0,6957.0,7332.0,8391.0,9332.0,10526.0,10383.0,,
Lithuania,3rd,,,,,,,,,,,,,,,,,,,,,,,,,,,7147.0,6733.0,7310.0,7340.0,7611.0,7840.0,8497.0,8920.0,9665.0,10661.0,11882.0,13344.0,13094.0,,
Lithuania,4th,,,,,,,,,,,,,,,,,,,,,,,,,,,8478.0,7909.0,8606.0,8782.0,9224.0,9624.0,10454.0,10929.0,12000.0,12913.0,14473.0,15981.0,15755.0,,
Lithuania,5th,,,,,,,,,,,,,,,,,,,,,,,,,,,10126.0,9317.0,9946.0,10366.0,10692.0,11306.0,12646.0,13437.0,14321.0,15323.0,17150.0,19054.0,18679.0,,
Lithuania,6th,,,,,,,,,,,,,,,,,,,,,,,,,,,11730.0,10756.0,11817.0,12194.0,12470.0,13666.0,14756.0,15794.0,17049.0,18115.0,19827.0,21949.0,21539.0,,
Lithuania,7th,,,,,,,,,,,,,,,,,,,,,,,,,,,13542.0,12784.0,13754.0,14236.0,14939.0,16243.0,17848.0,18353.0,19834.0,21516.0,23134.0,25746.0,25999.0,,
Lithuania,8th,,,,,,,,,,,,,,,,,,,,,,,,,,,16451.0,15020.0,16620.0,16793.0,18111.0,19527.0,21117.0,22022.0,23922.0,25585.0,27308.0,30031.0,30840.0,,
Lithuania,9th,,,,,,,,,,,,,,,,,,,,,,,,,,,20757.0,18659.0,19832.0,21217.0,21901.0,23973.0,26017.0,27977.0,29723.0,32254.0,34587.0,37734.0,38667.0,,
Lithuania,10th,,,,,,,,,,,,,,,,,,,,,,,,,,,30309.0,25374.0,27377.0,31382.0,33602.0,36591.0,39668.0,42558.0,46404.0,47909.0,52397.0,57326.0,57901.0,,
Luxembourg,1st,,,13069.0,14019.0,15209.0,16361.0,16794.0,17868.0,17760.0,18506.0,19169.0,16316.0,17576.0,17082.0,17389.0,17325.0,18162.0,17553.0,18786.0,19343.0,19350.0,19241.0,18602.0,19614.0,19657.0,18794.0,19552.0,19767.0,19313.0,18291.0,17903.0,18663.0,17331.0,18425.0,15955.0,16699.0,17638.0,20538.0,19774.0,20888.0,22558.0
Luxembourg,2nd,,,17098.0,18173.0,19342.0,20130.0,21016.0,22406.0,22765.0,23778.0,24187.0,21911.0,22718.0,21977.0,22545.0,22695.0,23758.0,23766.0,24132.0,25808.0,25577.0,26699.0,26260.0,26064.0,26844.0,25378.0,26320.0,26299.0,25104.0,24522.0,24392.0,25307.0,24923.0,26718.0,25241.0,25300.0,24788.0,28365.0,27914.0,28607.0,30427.0
Luxembourg,3rd,,,19863.0,21251.0,22601.0,23282.0,24695.0,26071.0,26622.0,27490.0,27916.0,25911.0,26337.0,26171.0,26905.0,26611.0,28085.0,27860.0,28450.0,30761.0,30995.0,32150.0,31451.0,30957.0,31486.0,30178.0,31195.0,30845.0,29650.0,29099.0,29595.0,30557.0,29620.0,32117.0,29887.0,30485.0,29946.0,33347.0,34651.0,34883.0,34925.0
Luxembourg,4th,,,22583.0,24243.0,25865.0,26761.0,27917.0,29630.0,30313.0,31169.0,31271.0,29631.0,30411.0,30116.0,31112.0,30463.0,31996.0,31638.0,32634.0,34771.0,35561.0,35634.0,35612.0,35605.0,36035.0,34557.0,36112.0,35121.0,34114.0,33521.0,34393.0,35049.0,34396.0,37335.0,33995.0,35356.0,35023.0,39314.0,39747.0,40125.0,40150.0
Luxembourg,5th,,,25332.0,27601.0,28927.0,29995.0,31219.0,32925.0,33586.0,34595.0,34986.0,33313.0,33935.0,33841.0,34649.0,34401.0,35860.0,35725.0,36487.0,38299.0,39329.0,39931.0,40026.0,39949.0,40048.0,39759.0,40770.0,39933.0,38908.0,38230.0,38830.0,39541.0,39381.0,42331.0,39171.0,40470.0,39743.0,44419.0,45602.0,46368.0,46560.0
Luxembourg,6th,,,28090.0,30656.0,32709.0,34131.0,34935.0,36952.0,37237.0,38651.0,38888.0,37739.0,38128.0,37770.0,38732.0,38433.0,39795.0,40014.0,40820.0,42667.0,44076.0,44596.0,45123.0,45308.0,45897.0,44936.0,46682.0,45478.0,44273.0,43327.0,43862.0,44399.0,44076.0,47801.0,44734.0,46364.0,46079.0,50465.0,52910.0,52541.0,53742.0
Luxembourg,7th,,,30887.0,34140.0,36831.0,38036.0,38681.0,41381.0,41879.0,42641.0,43101.0,42400.0,42622.0,42527.0,43216.0,43565.0,44874.0,45078.0,45751.0,47559.0,49373.0,50625.0,49995.0,50379.0,51157.0,51052.0,52479.0,51438.0,50020.0,49042.0,49383.0,50514.0,49869.0,54359.0,51300.0,53010.0,53109.0,57972.0,60803.0,60465.0,62525.0
Luxembourg,8th,,,33904.0,37782.0,40681.0,42569.0,44090.0,46850.0,47414.0,48699.0,48767.0,47843.0,48340.0,48694.0,49685.0,50576.0,50840.0,50955.0,51730.0,54830.0,55346.0,56778.0,56567.0,57753.0,57809.0,57500.0,60573.0,58515.0,56617.0,56540.0,56625.0,57776.0,57532.0,61387.0,59115.0,60447.0,61408.0,65526.0,68280.0,68200.0,70451.0
Luxembourg,9th,,,39226.0,43473.0,48451.0,50415.0,51897.0,54515.0,54640.0,56895.0,55739.0,55691.0,56406.0,56429.0,57942.0,59057.0,61577.0,60261.0,60821.0,65157.0,66857.0,67830.0,67959.0,68400.0,68279.0,68225.0,71622.0,68936.0,66649.0,67824.0,67233.0,68446.0,66651.0,73274.0,71339.0,72955.0,73345.0,77815.0,81880.0,79584.0,83368.0
Luxembourg,10th,,,51912.0,57804.0,64992.0,66907.0,70951.0,71582.0,70488.0,74760.0,77024.0,73471.0,74887.0,74420.0,76425.0,81822.0,82177.0,80713.0,82756.0,90303.0,90446.0,93324.0,97150.0,94853.0,96012.0,97263.0,95133.0,89362.0,89746.0,93242.0,90970.0,89951.0,94297.0,99958.0,98675.0,101510.0,99855.0,104356.0,106936.0,109633.0,111362.0
Mexico,1st,,1163.0,,,,,1163.0,,,1162.0,,1215.0,,959.95,,828.07,,1086.0,,1181.0,,1187.0,1383.0,1761.0,,1413.0,,1231.0,,1374.0,,1424.0,,1740.0,,1815.0,,1710.0,,2225.0,
Mexico,2nd,,1994.0,,,,,1982.0,,,2023.0,,2059.0,,1596.0,,1527.0,,1846.0,,2099.0,,2265.0,2486.0,2936.0,,2584.0,,2435.0,,2444.0,,2495.0,,2990.0,,3122.0,,2942.0,,3619.0,
Mexico,3rd,,2607.0,,,,,2693.0,,,2805.0,,2730.0,,2143.0,,2153.0,,2577.0,,2789.0,,3070.0,3369.0,3822.0,,3542.0,,3330.0,,3400.0,,3297.0,,3915.0,,4088.0,,3862.0,,4661.0,
Mexico,4th,,3267.0,,,,,3362.0,,,3517.0,,3526.0,,2698.0,,2811.0,,3354.0,,3570.0,,3815.0,4212.0,4773.0,,4466.0,,4214.0,,4225.0,,4061.0,,4824.0,,5015.0,,4745.0,,5649.0,
Mexico,5th,,4016.0,,,,,4136.0,,,4309.0,,4325.0,,3332.0,,3549.0,,4171.0,,4449.0,,4695.0,5149.0,5738.0,,5556.0,,5141.0,,5167.0,,4926.0,,5826.0,,5992.0,,5695.0,,6712.0,
Mexico,6th,,4766.0,,,,,5018.0,,,5180.0,,5296.0,,4067.0,,4413.0,,5189.0,,5339.0,,5679.0,6304.0,6887.0,,6870.0,,6198.0,,6241.0,,5876.0,,6944.0,,7103.0,,6771.0,,7908.0,
Mexico,7th,,5929.0,,,,,6046.0,,,6507.0,,6652.0,,4998.0,,5565.0,,6607.0,,6543.0,,6974.0,7740.0,8347.0,,8466.0,,7562.0,,7712.0,,7138.0,,8362.0,,8494.0,,8128.0,,9383.0,
Mexico,8th,,7405.0,,,,,7625.0,,,8284.0,,8523.0,,6471.0,,7187.0,,8499.0,,8593.0,,8960.0,9636.0,10247.0,,10735.0,,9559.0,,9704.0,,8972.0,,10330.0,,10465.0,,9946.0,,11372.0,
Mexico,9th,,9806.0,,,,,10464.0,,,11570.0,,12063.0,,8947.0,,9827.0,,11851.0,,11578.0,,12294.0,13152.0,14153.0,,14631.0,,12792.0,,13227.0,,11936.0,,13654.0,,13685.0,,13085.0,,14613.0,
Mexico,10th,,16786.0,,,,,18112.0,,,22673.0,,22864.0,,16709.0,,18347.0,,21499.0,,21576.0,,21843.0,23314.0,25191.0,,25373.0,,21884.0,,24190.0,,21523.0,,23434.0,,23212.0,,21633.0,,23612.0,
Netherlands,1st,8667.0,,,,10785.0,,,10651.0,,,8404.0,,,,,,13335.0,,,,,12147.0,12897.0,13365.0,14394.0,13837.0,14404.0,14245.0,13654.0,13482.0,12934.0,13104.0,13507.0,13583.0,13629.0,13766.0,13954.0,14474.0,14091.0,,
Netherlands,2nd,12812.0,,,,13463.0,,,15276.0,,,14091.0,,,,,,17453.0,,,,,16899.0,17028.0,17626.0,18745.0,18736.0,18843.0,18608.0,18410.0,18023.0,17535.0,17373.0,18150.0,18652.0,18657.0,18932.0,19134.0,20086.0,20334.0,,
Netherlands,3rd,14860.0,,,,15528.0,,,17811.0,,,16681.0,,,,,,20115.0,,,,,19863.0,20003.0,20577.0,21776.0,21942.0,22008.0,21610.0,21471.0,21156.0,20562.0,20520.0,21546.0,22041.0,22183.0,22379.0,22811.0,23763.0,24141.0,,
Netherlands,4th,16863.0,,,,17588.0,,,20234.0,,,19365.0,,,,,,22719.0,,,,,22426.0,22651.0,23432.0,24696.0,24727.0,24775.0,24455.0,24205.0,23968.0,23314.0,23267.0,24527.0,25486.0,25607.0,25654.0,26201.0,27581.0,28462.0,,
Netherlands,5th,18725.0,,,,19433.0,,,22863.0,,,21466.0,,,,,,25406.0,,,,,25076.0,25171.0,26272.0,27596.0,27646.0,27647.0,27284.0,27108.0,26718.0,26199.0,26353.0,27890.0,28912.0,28975.0,29094.0,29715.0,31868.0,32654.0,,
Netherlands,6th,20804.0,,,,21500.0,,,25489.0,,,24299.0,,,,,,27928.0,,,,,27837.0,28013.0,29141.0,30760.0,30859.0,30831.0,30325.0,30220.0,29847.0,29061.0,29413.0,31388.0,32509.0,32503.0,32505.0,33492.0,35734.0,36557.0,,
Netherlands,7th,23270.0,,,,24035.0,,,28623.0,,,27483.0,,,,,,31034.0,,,,,31182.0,31451.0,32542.0,34353.0,34441.0,34549.0,34084.0,33739.0,33225.0,32510.0,32737.0,35166.0,36404.0,36334.0,36497.0,37285.0,39727.0,40568.0,,
Netherlands,8th,26468.0,,,,27156.0,,,32805.0,,,31166.0,,,,,,34765.0,,,,,35362.0,35573.0,37006.0,38856.0,39171.0,38970.0,38540.0,38150.0,37397.0,36736.0,37232.0,39766.0,41218.0,41185.0,41325.0,41977.0,44662.0,45179.0,,
Netherlands,9th,30608.0,,,,31516.0,,,38193.0,,,36084.0,,,,,,39935.0,,,,,40962.0,41581.0,43121.0,45838.0,46271.0,45924.0,45291.0,44757.0,43992.0,42974.0,43750.0,46586.0,48333.0,47823.0,48267.0,49386.0,51508.0,52731.0,,
Netherlands,10th,40152.0,,,,40125.0,,,49837.0,,,45026.0,,,,,,50331.0,,,,,54753.0,56076.0,59920.0,63436.0,64375.0,61453.0,60101.0,59985.0,58549.0,57732.0,59314.0,63337.0,64574.0,65208.0,65172.0,67441.0,67666.0,70842.0,,
Norway,1st,,,,10148.0,,,,,10734.0,,,,10406.0,,,,,12472.0,,,,13119.0,,,14479.0,,,14812.0,,,16120.0,,,15719.0,,,16137.0,16018.0,16734.0,16116.0,
Norway,2nd,,,,14115.0,,,,,14758.0,,,,14270.0,,,,,17140.0,,,,18592.0,,,21140.0,,,22086.0,,,23568.0,,,23191.0,,,23663.0,23588.0,23991.0,23851.0,
Norway,3rd,,,,17019.0,,,,,17706.0,,,,17170.0,,,,,20542.0,,,,22136.0,,,25384.0,,,26535.0,,,28569.0,,,28227.0,,,28941.0,28938.0,29320.0,29231.0,
Norway,4th,,,,19349.0,,,,,19993.0,,,,19657.0,,,,,23144.0,,,,25088.0,,,28950.0,,,30193.0,,,32626.0,,,32375.0,,,33203.0,33244.0,33497.0,33428.0,
Norway,5th,,,,21388.0,,,,,22032.0,,,,21978.0,,,,,25745.0,,,,27873.0,,,32085.0,,,33457.0,,,36232.0,,,36022.0,,,37016.0,37059.0,37298.0,37180.0,
Norway,6th,,,,23500.0,,,,,24191.0,,,,24107.0,,,,,28301.0,,,,30538.0,,,35193.0,,,36727.0,,,39922.0,,,39687.0,,,40834.0,40923.0,41184.0,41015.0,
Norway,7th,,,,25905.0,,,,,26656.0,,,,26321.0,,,,,30949.0,,,,33471.0,,,38596.0,,,40329.0,,,43987.0,,,43840.0,,,45148.0,45214.0,45608.0,45293.0,
Norway,8th,,,,28866.0,,,,,29583.0,,,,29206.0,,,,,34257.0,,,,37193.0,,,42925.0,,,44765.0,,,49098.0,,,49016.0,,,50503.0,50560.0,51233.0,50717.0,
Norway,9th,,,,33179.0,,,,,33537.0,,,,33289.0,,,,,39021.0,,,,42368.0,,,49137.0,,,51243.0,,,56422.0,,,56502.0,,,58278.0,58517.0,59266.0,58510.0,
Norway,10th,,,,42092.0,,,,,41848.0,,,,41712.0,,,,,50927.0,,,,55711.0,,,63300.0,,,65870.0,,,72988.0,,,73366.0,,,75537.0,76156.0,78628.0,76166.0,
Poland,1st,,,,4245.0,,,,,,4561.0,,,2406.0,,,,3728.0,,,,,3408.0,3550.0,3957.0,4397.0,4767.0,4800.0,5080.0,4922.0,4928.0,4894.0,5258.0,5553.0,6397.0,7194.0,7347.0,7511.0,6909.0,6801.0,6244.0,6939.0
Poland,2nd,,,,5926.0,,,,,,6002.0,,,4113.0,,,,5427.0,,,,,5129.0,5215.0,5770.0,6352.0,6924.0,7059.0,7357.0,7249.0,7222.0,7271.0,7681.0,8049.0,9269.0,10116.0,10530.0,11046.0,11293.0,11572.0,11441.0,11758.0
Poland,3rd,,,,7260.0,,,,,,7043.0,,,5141.0,,,,6560.0,,,,,6301.0,6410.0,6996.0,7647.0,8371.0,8576.0,8869.0,8841.0,8758.0,8893.0,9320.0,9830.0,11126.0,12026.0,12562.0,13260.0,13588.0,14402.0,14151.0,14532.0
Poland,4th,,,,8496.0,,,,,,8003.0,,,6029.0,,,,7551.0,,,,,7357.0,7432.0,8118.0,8829.0,9704.0,9975.0,10322.0,10287.0,10219.0,10396.0,10890.0,11437.0,12761.0,13716.0,14256.0,15245.0,15613.0,16690.0,16315.0,16845.0
Poland,5th,,,,9678.0,,,,,,8993.0,,,6892.0,,,,8573.0,,,,,8425.0,8473.0,9229.0,10027.0,11070.0,11403.0,11783.0,11770.0,11718.0,11859.0,12373.0,13009.0,14347.0,15374.0,16011.0,17042.0,17652.0,18670.0,18458.0,18834.0
Poland,6th,,,,10972.0,,,,,,10078.0,,,7799.0,,,,9593.0,,,,,9563.0,9675.0,10496.0,11376.0,12546.0,12904.0,13363.0,13309.0,13314.0,13505.0,14107.0,14789.0,16053.0,17074.0,17923.0,19030.0,19690.0,20810.0,20526.0,20987.0
Poland,7th,,,,12425.0,,,,,,11269.0,,,8839.0,,,,10752.0,,,,,10887.0,10971.0,11951.0,12941.0,14311.0,14748.0,15206.0,15184.0,15162.0,15359.0,16036.0,16724.0,18047.0,19172.0,19986.0,21320.0,22099.0,23196.0,22774.0,23416.0
Poland,8th,,,,14099.0,,,,,,12763.0,,,10194.0,,,,12300.0,,,,,12568.0,12725.0,13805.0,14950.0,16644.0,17021.0,17657.0,17561.0,17511.0,17692.0,18516.0,19298.0,20728.0,21859.0,22650.0,24125.0,24962.0,26180.0,25471.0,26446.0
Poland,9th,,,,16545.0,,,,,,15118.0,,,12149.0,,,,14676.0,,,,,15303.0,15444.0,16783.0,18179.0,20105.0,20507.0,21384.0,21207.0,21197.0,21543.0,22315.0,23081.0,24498.0,25993.0,27165.0,28484.0,29419.0,30614.0,30235.0,31031.0
Poland,10th,,,,21521.0,,,,,,20861.0,,,17248.0,,,,20419.0,,,,,22215.0,22396.0,24101.0,26317.0,29310.0,29813.0,31059.0,30926.0,30587.0,31303.0,32137.0,32676.0,35053.0,36988.0,39381.0,40838.0,41455.0,43162.0,43261.0,42944.0
Slovakia,1st,,,,,,,,,,5234.0,,,,3755.0,,,,,,,,3963.0,,,5693.0,,,5574.0,,,4942.0,5263.0,5414.0,6078.0,6537.0,6065.0,,,,,
Slovakia,2nd,,,,,,,,,,6535.0,,,,5672.0,,,,,,,,5794.0,,,7808.0,,,8415.0,,,8158.0,8372.0,8512.0,9064.0,9442.0,9281.0,,,,,
Slovakia,3rd,,,,,,,,,,7351.0,,,,6804.0,,,,,,,,7043.0,,,9167.0,,,9969.0,,,9832.0,10080.0,9999.0,10702.0,11221.0,10992.0,,,,,
Slovakia,4th,,,,,,,,,,8042.0,,,,7670.0,,,,,,,,8081.0,,,10466.0,,,11330.0,,,11080.0,11293.0,11349.0,12000.0,12729.0,12691.0,,,,,
Slovakia,5th,,,,,,,,,,8701.0,,,,8500.0,,,,,,,,9056.0,,,11830.0,,,12693.0,,,12387.0,12632.0,12759.0,13426.0,14117.0,14055.0,,,,,
Slovakia,6th,,,,,,,,,,9427.0,,,,9422.0,,,,,,,,10085.0,,,13167.0,,,14215.0,,,13949.0,14043.0,14304.0,14938.0,15637.0,15848.0,,,,,
Slovakia,7th,,,,,,,,,,10201.0,,,,10451.0,,,,,,,,11283.0,,,14563.0,,,15935.0,,,15610.0,15699.0,15898.0,16381.0,17166.0,17457.0,,,,,
Slovakia,8th,,,,,,,,,,11155.0,,,,11673.0,,,,,,,,12764.0,,,16398.0,,,18086.0,,,17762.0,17618.0,17746.0,18198.0,19145.0,19771.0,,,,,
Slovakia,9th,,,,,,,,,,12436.0,,,,13479.0,,,,,,,,14911.0,,,18921.0,,,21236.0,,,20863.0,20327.0,20630.0,20780.0,21394.0,22190.0,,,,,
Slovakia,10th,,,,,,,,,,15544.0,,,,17471.0,,,,,,,,19893.0,,,24831.0,,,27770.0,,,27601.0,25253.0,26034.0,26213.0,26222.0,27742.0,,,,,
Slovenia,1st,,,,,,,,,,,,,,,7374.0,,7358.0,,,,,8431.0,,,8891.0,,,8164.0,,8346.0,,,8840.0,,,,,,,,
Slovenia,2nd,,,,,,,,,,,,,,,10476.0,,10566.0,,,,,11892.0,,,12572.0,,,12610.0,,12299.0,,,12465.0,,,,,,,,
Slovenia,3rd,,,,,,,,,,,,,,,12456.0,,12506.0,,,,,14033.0,,,15175.0,,,15615.0,,15130.0,,,15630.0,,,,,,,,
Slovenia,4th,,,,,,,,,,,,,,,14113.0,,14241.0,,,,,15882.0,,,17305.0,,,17897.0,,17383.0,,,17926.0,,,,,,,,
Slovenia,5th,,,,,,,,,,,,,,,15710.0,,15921.0,,,,,17637.0,,,19213.0,,,20054.0,,19785.0,,,20273.0,,,,,,,,
Slovenia,6th,,,,,,,,,,,,,,,17474.0,,17579.0,,,,,19343.0,,,21170.0,,,22374.0,,22610.0,,,22990.0,,,,,,,,
Slovenia,7th,,,,,,,,,,,,,,,19160.0,,19221.0,,,,,21369.0,,,23433.0,,,25088.0,,25077.0,,,25874.0,,,,,,,,
Slovenia,8th,,,,,,,,,,,,,,,21083.0,,21138.0,,,,,23940.0,,,26050.0,,,28033.0,,28780.0,,,29180.0,,,,,,,,
Slovenia,9th,,,,,,,,,,,,,,,23926.0,,24004.0,,,,,27571.0,,,29728.0,,,32102.0,,33464.0,,,33927.0,,,,,,,,
Slovenia,10th,,,,,,,,,,,,,,,30850.0,,31553.0,,,,,35045.0,,,36949.0,,,41361.0,,43420.0,,,43861.0,,,,,,,,
Spain,1st,,,4738.0,,,,,6276.0,,,5254.0,5633.0,5330.0,4983.0,5464.0,6543.0,7379.0,7188.0,,,,6361.0,6369.0,7234.0,8410.0,8234.0,7452.0,7064.0,6393.0,5900.0,5255.0,5165.0,5913.0,5727.0,6946.0,6755.0,7358.0,6692.0,7859.0,7921.0,
Spain,2nd,,,6921.0,,,,,9064.0,,,8660.0,8964.0,8907.0,8507.0,9320.0,9801.0,10689.0,11166.0,,,,10347.0,10625.0,11513.0,13387.0,13459.0,13052.0,12431.0,11842.0,11420.0,10401.0,10601.0,10824.0,11217.0,11830.0,12191.0,12782.0,12610.0,13148.0,13593.0,
Spain,3rd,,,8558.0,,,,,11132.0,,,11068.0,11144.0,11424.0,10834.0,11833.0,12558.0,13703.0,14042.0,,,,13434.0,13731.0,14628.0,17272.0,17266.0,17086.0,15697.0,15098.0,14318.0,13456.0,13595.0,13907.0,14608.0,14980.0,15411.0,16592.0,16260.0,17070.0,17198.0,
Spain,4th,,,10097.0,,,,,13009.0,,,13225.0,13291.0,13421.0,13386.0,14074.0,15283.0,16435.0,17139.0,,,,16239.0,16865.0,17447.0,20637.0,20888.0,20681.0,18924.0,18099.0,17339.0,16393.0,16706.0,17129.0,17813.0,18157.0,18527.0,19903.0,19921.0,20535.0,20800.0,
Spain,5th,,,11541.0,,,,,14884.0,,,15361.0,15435.0,15386.0,15561.0,16341.0,18015.0,19267.0,20116.0,,,,19192.0,19992.0,20667.0,24257.0,24342.0,24111.0,22373.0,21473.0,20426.0,19684.0,19725.0,20217.0,21194.0,21500.0,21797.0,23088.0,23276.0,24084.0,24244.0,
Spain,6th,,,13156.0,,,,,16949.0,,,17835.0,18150.0,17983.0,18133.0,19153.0,20776.0,22312.0,23336.0,,,,22426.0,23063.0,24012.0,27982.0,28208.0,27922.0,25929.0,24989.0,23838.0,23095.0,23035.0,23662.0,24901.0,25060.0,25284.0,26773.0,26973.0,27769.0,27599.0,
Spain,7th,,,14917.0,,,,,19593.0,,,20648.0,20967.0,21225.0,21386.0,22404.0,24074.0,25432.0,27286.0,,,,25942.0,26667.0,27705.0,32314.0,32518.0,32423.0,30420.0,29090.0,27507.0,26976.0,26798.0,27557.0,28836.0,29215.0,29170.0,30701.0,31319.0,31705.0,31699.0,
Spain,8th,,,17417.0,,,,,22683.0,,,24759.0,25300.0,25047.0,25539.0,26604.0,28601.0,30340.0,31994.0,,,,30570.0,31072.0,32372.0,37674.0,38131.0,37768.0,35840.0,34471.0,32247.0,31797.0,31749.0,32610.0,34180.0,34204.0,34499.0,36223.0,36618.0,37038.0,36474.0,
Spain,9th,,,21515.0,,,,,27349.0,,,31155.0,30897.0,30655.0,32454.0,33117.0,35152.0,37393.0,38876.0,,,,37235.0,37244.0,38578.0,45646.0,46605.0,45829.0,43735.0,42102.0,39856.0,39371.0,38879.0,39838.0,41218.0,41507.0,41659.0,43187.0,44276.0,44806.0,44017.0,
Spain,10th,,,30729.0,,,,,38289.0,,,45358.0,45092.0,44758.0,47375.0,48953.0,49286.0,54822.0,58885.0,,,,51166.0,51482.0,53071.0,63520.0,64818.0,63740.0,60491.0,58505.0,54851.0,54934.0,54717.0,55828.0,56747.0,57663.0,57765.0,59197.0,61572.0,62355.0,61486.0,
Sweden,1st,,,,,7099.0,,,,,8004.0,,,7134.0,,,,,9600.0,9995.0,10215.0,10572.0,10663.0,10715.0,10815.0,10935.0,10606.0,10421.0,10542.0,10609.0,11050.0,10402.0,11295.0,11535.0,12052.0,11799.0,11437.0,11651.0,12353.0,12329.0,,
Sweden,2nd,,,,,10171.0,,,,,11800.0,,,11786.0,,,,,12844.0,13185.0,13334.0,13747.0,14007.0,14110.0,14481.0,14627.0,14599.0,14775.0,14746.0,14998.0,15304.0,15489.0,16007.0,16245.0,16790.0,16247.0,16426.0,16706.0,17385.0,17477.0,,
Sweden,3rd,,,,,12053.0,,,,,14058.0,,,13748.0,,,,,15129.0,15543.0,15778.0,16058.0,16462.0,16595.0,17041.0,17699.0,17914.0,18022.0,18196.0,18527.0,18866.0,19186.0,19510.0,19907.0,20596.0,20301.0,20217.0,20209.0,20994.0,21155.0,,
Sweden,4th,,,,,13693.0,,,,,15805.0,,,15152.0,,,,,17179.0,17829.0,18163.0,18430.0,18934.0,19069.0,19738.0,20672.0,21071.0,21232.0,21490.0,22024.0,22212.0,22476.0,23173.0,23521.0,24135.0,23883.0,24163.0,24137.0,24730.0,25208.0,,
Sweden,5th,,,,,15045.0,,,,,17527.0,,,16412.0,,,,,19135.0,19912.0,20349.0,20536.0,21071.0,21464.0,22142.0,23427.0,23888.0,24151.0,24594.0,25171.0,25471.0,25916.0,26483.0,27194.0,27834.0,27477.0,27576.0,27960.0,28418.0,28831.0,,
Sweden,6th,,,,,16446.0,,,,,19164.0,,,17824.0,,,,,21124.0,21997.0,22562.0,22758.0,23289.0,23639.0,24552.0,26069.0,26599.0,27009.0,27479.0,28187.0,28594.0,29155.0,30093.0,30595.0,31305.0,31297.0,31251.0,31762.0,32094.0,32695.0,,
Sweden,7th,,,,,17921.0,,,,,21157.0,,,19327.0,,,,,23319.0,24289.0,24957.0,25131.0,25618.0,26114.0,27092.0,28920.0,29476.0,30247.0,30649.0,31544.0,31940.0,32753.0,33754.0,34508.0,35073.0,35247.0,34944.0,35629.0,36104.0,36727.0,,
Sweden,8th,,,,,19648.0,,,,,23347.0,,,21301.0,,,,,26138.0,27102.0,27967.0,28150.0,28530.0,29207.0,30073.0,32430.0,32894.0,34038.0,34485.0,35501.0,36116.0,36788.0,38249.0,39223.0,39453.0,39629.0,39776.0,40384.0,40826.0,41264.0,,
Sweden,9th,,,,,22007.0,,,,,26553.0,,,24328.0,,,,,30423.0,31469.0,32282.0,32362.0,32664.0,33495.0,34764.0,37368.0,38095.0,39655.0,39647.0,41226.0,41755.0,42609.0,44077.0,45627.0,45869.0,46251.0,46245.0,46812.0,47472.0,48236.0,,
Sweden,10th,,,,,26635.0,,,,,33577.0,,,30674.0,,,,,40418.0,41272.0,41811.0,41339.0,42634.0,43056.0,45266.0,48597.0,48517.0,51130.0,51586.0,53150.0,54702.0,54838.0,57243.0,59046.0,59821.0,60370.0,58994.0,60011.0,61902.0,64072.0,,
Switzerland,1st,,,,,,,,,,8659.0,,,,,,,,15175.0,,15736.0,,14520.0,,14172.0,14213.0,14694.0,15209.0,14848.0,15326.0,16727.0,16022.0,16083.0,15378.0,15051.0,14782.0,14459.0,14903.0,15019.0,15534.0,15081.0,
Switzerland,2nd,,,,,,,,,,20126.0,,,,,,,,20748.0,,21759.0,,20667.0,,21228.0,21256.0,21306.0,21945.0,21929.0,22337.0,23504.0,22829.0,22153.0,22774.0,22416.0,22739.0,21952.0,22233.0,22583.0,22719.0,21815.0,
Switzerland,3rd,,,,,,,,,,24231.0,,,,,,,,24624.0,,25502.0,,25131.0,,25625.0,25870.0,25968.0,26547.0,26667.0,27592.0,28616.0,27314.0,27282.0,27445.0,27859.0,27840.0,27202.0,27148.0,27360.0,27793.0,26845.0,
Switzerland,4th,,,,,,,,,,27782.0,,,,,,,,28219.0,,29284.0,,28940.0,,29652.0,30229.0,30375.0,30499.0,30950.0,31848.0,32962.0,31269.0,31958.0,31368.0,32174.0,32518.0,31335.0,31688.0,31570.0,32188.0,31429.0,
Switzerland,5th,,,,,,,,,,31478.0,,,,,,,,31586.0,,33524.0,,32330.0,,33480.0,34175.0,34432.0,35129.0,35164.0,36304.0,37385.0,35708.0,36050.0,36024.0,36418.0,36415.0,35785.0,35870.0,36007.0,36707.0,35827.0,
Switzerland,6th,,,,,,,,,,35593.0,,,,,,,,35545.0,,37766.0,,36398.0,,38068.0,38870.0,38992.0,39448.0,39760.0,41276.0,42172.0,40129.0,40921.0,40527.0,40928.0,41138.0,40621.0,40505.0,41055.0,41754.0,40762.0,
Switzerland,7th,,,,,,,,,,39800.0,,,,,,,,40115.0,,42783.0,,40575.0,,43509.0,43726.0,44911.0,44485.0,45339.0,46499.0,47123.0,45493.0,45830.0,46196.0,46363.0,46483.0,46067.0,46677.0,46989.0,47131.0,46533.0,
Switzerland,8th,,,,,,,,,,45791.0,,,,,,,,46202.0,,48593.0,,46563.0,,49661.0,50464.0,51658.0,51546.0,51836.0,52912.0,53691.0,51830.0,52766.0,52396.0,52882.0,53074.0,52392.0,53468.0,54461.0,54767.0,53347.0,
Switzerland,9th,,,,,,,,,,55353.0,,,,,,,,54671.0,,57831.0,,54639.0,,59640.0,60992.0,61475.0,60989.0,61002.0,62909.0,62953.0,62262.0,62791.0,62384.0,63357.0,64035.0,62065.0,63937.0,64846.0,64911.0,63730.0,
Switzerland,10th,,,,,,,,,,77342.0,,,,,,,,73597.0,,75878.0,,70280.0,,83798.0,86587.0,86848.0,83840.0,84772.0,86176.0,88697.0,88770.0,87566.0,86462.0,88621.0,88227.0,87196.0,90307.0,92034.0,91165.0,87754.0,
United Kingdom,1st,7126.0,7283.0,7330.0,7461.0,7445.0,7332.0,7421.0,7202.0,7193.0,7133.0,7183.0,7821.0,7818.0,8022.0,8045.0,8308.0,8492.0,8906.0,9428.0,9732.0,9839.0,10459.0,10387.0,10238.0,10389.0,10418.0,10658.0,10733.0,10808.0,10687.0,10977.0,10937.0,10891.0,10770.0,10819.0,10889.0,10968.0,11300.0,11276.0,,
United Kingdom,2nd,8708.0,8803.0,8728.0,9004.0,8998.0,9301.0,9470.0,9323.0,9450.0,9336.0,9302.0,9986.0,10032.0,10320.0,10600.0,10875.0,11173.0,11829.0,12512.0,12888.0,13289.0,13960.0,14049.0,14051.0,14246.0,14465.0,14521.0,14643.0,14573.0,14622.0,14840.0,15006.0,15105.0,15241.0,15252.0,15319.0,15600.0,16005.0,15971.0,,
United Kingdom,3rd,10005.0,10282.0,10232.0,10608.0,10754.0,11515.0,11604.0,11688.0,11859.0,11391.0,11383.0,11974.0,11966.0,12504.0,12980.0,13278.0,13632.0,14623.0,15441.0,15839.0,16181.0,16851.0,16930.0,17138.0,17343.0,17500.0,17421.0,17533.0,17323.0,17426.0,17417.0,17822.0,18042.0,18253.0,18294.0,18473.0,18944.0,18995.0,19118.0,,
United Kingdom,4th,11602.0,12090.0,12094.0,12518.0,13011.0,13808.0,14209.0,14188.0,14355.0,13925.0,13842.0,14412.0,14346.0,15020.0,15671.0,16104.0,16345.0,17454.0,18368.0,18736.0,19118.0,19716.0,19826.0,20169.0,20526.0,20480.0,20351.0,20440.0,20107.0,20151.0,20110.0,20651.0,20877.0,21232.0,21353.0,21592.0,22112.0,21950.0,22393.0,,
United Kingdom,5th,13376.0,13667.0,13942.0,14568.0,15134.0,16202.0,16556.0,16939.0,17188.0,16487.0,16425.0,17036.0,17055.0,17796.0,18485.0,19051.0,19407.0,20497.0,21443.0,21715.0,22211.0,22867.0,23034.0,23432.0,23874.0,23886.0,23523.0,23514.0,22995.0,23200.0,23222.0,23808.0,24076.0,24530.0,24663.0,24869.0,25699.0,25227.0,25957.0,,
United Kingdom,6th,15118.0,15619.0,16029.0,16849.0,17603.0,18796.0,19218.0,19658.0,19897.0,19327.0,19120.0,19964.0,20077.0,20917.0,21548.0,22379.0,22767.0,23879.0,24887.0,25133.0,25604.0,26264.0,26635.0,27030.0,27626.0,27441.0,27161.0,26923.0,26464.0,26435.0,26662.0,27419.0,27734.0,28220.0,28298.0,28619.0,29513.0,28819.0,29659.0,,
United Kingdom,7th,17165.0,17868.0,18517.0,19382.0,20333.0,21598.0,22500.0,22974.0,23111.0,22539.0,22282.0,23450.0,23400.0,24372.0,25119.0,26239.0,26550.0,27994.0,28815.0,29077.0,29709.0,30375.0,30929.0,31283.0,32058.0,31906.0,31606.0,31037.0,30749.0,30502.0,30805.0,31648.0,32008.0,32762.0,32721.0,33002.0,34067.0,33045.0,34141.0,,
United Kingdom,8th,19821.0,20569.0,21442.0,22342.0,23522.0,25386.0,26443.0,27090.0,27265.0,26240.0,26354.0,27825.0,27816.0,28715.0,29606.0,30923.0,31328.0,32969.0,34136.0,34032.0,34863.0,35728.0,36268.0,36810.0,37588.0,37468.0,37214.0,36328.0,36042.0,35564.0,36374.0,37312.0,37963.0,38076.0,38521.0,39034.0,39815.0,38490.0,39464.0,,
United Kingdom,9th,23610.0,24376.0,25477.0,26875.0,28972.0,31139.0,31416.0,32658.0,33317.0,32057.0,32164.0,34128.0,34146.0,35148.0,36207.0,37864.0,38559.0,40484.0,42402.0,41280.0,42358.0,43759.0,44666.0,45271.0,45939.0,46200.0,45646.0,44584.0,44216.0,43535.0,43893.0,45166.0,45917.0,45790.0,46591.0,47473.0,48113.0,47266.0,47413.0,,
United Kingdom,10th,32000.0,31834.0,33827.0,36197.0,39932.0,43374.0,42972.0,46205.0,44928.0,45397.0,44398.0,48477.0,48982.0,49153.0,51051.0,54266.0,55055.0,58756.0,61973.0,59741.0,60730.0,63043.0,64277.0,64608.0,66235.0,66565.0,66596.0,64772.0,62368.0,62571.0,61897.0,64805.0,65469.0,64650.0,64531.0,67729.0,67428.0,65582.0,66283.0,,
United States,1st,7902.0,8131.0,8236.0,8248.0,8833.0,8836.0,9029.0,8872.0,8790.0,8560.0,8424.0,8783.0,9290.0,9265.0,9305.0,9438.0,9862.0,9973.0,9607.0,9414.0,9131.0,9122.0,9202.0,9054.0,9060.0,9234.0,9825.0,9334.0,9126.0,9400.0,9347.0,9225.0,9704.0,9912.0,9823.0,10386.0,11095.0,12299.0,13199.0,10262.0,
United States,2nd,12771.0,13183.0,13380.0,13619.0,14241.0,14355.0,14570.0,14338.0,14139.0,13908.0,13753.0,14309.0,14838.0,14928.0,15224.0,15567.0,16027.0,16232.0,15968.0,15809.0,15795.0,16112.0,16114.0,16104.0,15920.0,15811.0,16739.0,16105.0,16027.0,15888.0,16007.0,16054.0,16721.0,17193.0,17242.0,17773.0,18744.0,20557.0,21517.0,18007.0,
United States,3rd,17258.0,17871.0,18117.0,18600.0,19215.0,19139.0,19463.0,19037.0,18776.0,18489.0,18185.0,18693.0,19126.0,19217.0,19638.0,20392.0,20927.0,21283.0,20847.0,20779.0,20827.0,20954.0,21033.0,21091.0,21014.0,20525.0,21309.0,20756.0,20374.0,20400.0,20431.0,20525.0,21359.0,22080.0,22069.0,23004.0,24204.0,26302.0,26900.0,23464.0,
United States,4th,21649.0,22386.0,22613.0,23336.0,24080.0,24014.0,24286.0,23672.0,23239.0,23114.0,22664.0,23132.0,23708.0,23628.0,24307.0,25322.0,25951.0,26267.0,25876.0,25985.0,26021.0,25969.0,25940.0,25981.0,26146.0,25454.0,25809.0,25305.0,25021.0,25042.0,25057.0,25283.0,26227.0,27264.0,27398.0,28573.0,30279.0,32169.0,32583.0,29071.0,
United States,5th,25905.0,26739.0,27087.0,27969.0,28996.0,28839.0,29164.0,28287.0,27996.0,27826.0,27413.0,27761.0,28366.0,28569.0,29269.0,30492.0,31089.0,31463.0,31104.0,31278.0,31379.0,31197.0,31197.0,31199.0,31539.0,30760.0,30997.0,30559.0,30097.0,30334.0,30270.0,30191.0,31289.0,33028.0,33275.0,34676.0,36740.0,38621.0,38889.0,35182.0,
United States,6th,30375.0,31297.0,31738.0,32812.0,33965.0,33930.0,34263.0,33257.0,32982.0,32867.0,32447.0,32983.0,33353.0,33715.0,34590.0,35937.0,36840.0,36903.0,36746.0,36988.0,37413.0,36787.0,36958.0,37230.0,37513.0,36529.0,36821.0,36498.0,36008.0,36355.0,36175.0,35500.0,36872.0,39286.0,39761.0,41245.0,43823.0,45638.0,45668.0,41648.0,
United States,7th,35354.0,36529.0,37093.0,38273.0,39563.0,39686.0,39838.0,38804.0,38466.0,38557.0,38236.0,38685.0,39099.0,39608.0,40359.0,41944.0,43102.0,43029.0,42880.0,43399.0,44051.0,43369.0,43664.0,44114.0,44306.0,43290.0,43885.0,43419.0,42951.0,43342.0,43064.0,42158.0,43831.0,46027.0,47566.0,48750.0,52023.0,53976.0,53621.0,49468.0,
United States,8th,41579.0,42931.0,43396.0,45007.0,46433.0,46496.0,46816.0,45689.0,45281.0,45270.0,45492.0,45860.0,46198.0,46626.0,47667.0,49463.0,50573.0,50329.0,50310.0,51315.0,52455.0,51441.0,51871.0,52709.0,52770.0,51627.0,52145.0,51860.0,51831.0,52067.0,51627.0,50804.0,52481.0,55459.0,57100.0,58611.0,62709.0,64113.0,63706.0,59317.0,
United States,9th,50191.0,52032.0,52711.0,54754.0,55806.0,56456.0,56951.0,55299.0,54788.0,54994.0,55729.0,56317.0,56596.0,57165.0,58530.0,60156.0,61513.0,61601.0,61460.0,62312.0,64044.0,63340.0,64116.0,65346.0,65192.0,63726.0,64432.0,64210.0,65012.0,65366.0,64803.0,65476.0,67387.0,70173.0,71625.0,74379.0,79068.0,80815.0,79807.0,74802.0,
United States,10th,68970.0,71865.0,73017.0,75105.0,76340.0,77815.0,79908.0,77799.0,77018.0,77935.0,79363.0,81097.0,80631.0,81750.0,84654.0,85881.0,88165.0,88173.0,88417.0,89644.0,93437.0,91160.0,95230.0,96049.0,96127.0,93396.0,93931.0,93742.0,95925.0,95527.0,96230.0,100318.0,102057.0,106459.0,108466.0,115218.0,123545.0,121892.0,121858.0,117579.0,
